id,annee,tour,departement,inscrits,votants,abstentions,exprimes,nuance,voix,taux_participation,taux_abstention,part_voix
1,2017,1,09,194692,150428,44264,146156,REN,41847,0.7726460255172272,0.22735397448277278,0.28631735953364895
2,2017,1,09,194692,150428,44264,146156,RN,42525,0.7726460255172272,0.22735397448277278,0.2909562385396426
3,2017,1,09,194692,150428,44264,146156,LFI,17328,0.7726460255172272,0.22735397448277278,0.11855825282574783
4,2017,1,09,194692,150428,44264,146156,LR,12004,0.7726460255172272,0.22735397448277278,0.08213142122116095
5,2017,1,09,194692,150428,44264,146156,PS,7432,0.7726460255172272,0.22735397448277278,0.05084977695065546
6,2017,1,09,194692,150428,44264,146156,EELV,5226,0.7726460255172272,0.22735397448277278,0.03575631517009223
7,2017,1,09,194692,150428,44264,146156,PCF,4954,0.7726460255172272,0.22735397448277278,0.033895289964147896
8,2017,1,09,194692,150428,44264,146156,DVG,11895,0.7726460255172272,0.22735397448277278,0.08138564273789649
9,2017,1,09,194692,150428,44264,146156,DVD,2945,0.7726460255172272,0.22735397448277278,0.02014970305700758
10,2017,1,12,184463,132971,51492,128126,REN,19847,0.7208545887251102,0.2791454112748898,0.15490220564132182
11,2017,1,12,184463,132971,51492,128126,RN,22692,0.7208545887251102,0.2791454112748898,0.1771069103850897
12,2017,1,12,184463,132971,51492,128126,LFI,17693,0.7208545887251102,0.2791454112748898,0.13809062953654996
13,2017,1,12,184463,132971,51492,128126,LR,22117,0.7208545887251102,0.2791454112748898,0.1726191405335373
14,2017,1,12,184463,132971,51492,128126,PS,9944,0.7208545887251102,0.2791454112748898,0.07761110157189018
15,2017,1,12,184463,132971,51492,128126,EELV,11791,0.7208545887251102,0.2791454112748898,0.09202659881678972
16,2017,1,12,184463,132971,51492,128126,PCF,7587,0.7208545887251102,0.2791454112748898,0.059215147589091986
17,2017,1,12,184463,132971,51492,128126,DVG,4619,0.7208545887251102,0.2791454112748898,0.036050450337948584
18,2017,1,12,184463,132971,51492,128126,DVD,6152,0.7208545887251102,0.2791454112748898,0.04801523500304388
19,2017,1,12,184463,132971,51492,128126,DIV,5684,0.7208545887251102,0.2791454112748898,0.044362580584736896
20,2017,1,31,169735,127954,41781,125017,REN,23936,0.7538457006510149,0.2461542993489852,0.19146196117328043
21,2017,1,31,169735,127954,41781,125017,RN,36714,0.7538457006510149,0.2461542993489852,0.2936720605997584
22,2017,1,31,169735,127954,41781,125017,LFI,10160,0.7538457006510149,0.2461542993489852,0.08126894742315045
23,2017,1,31,169735,127954,41781,125017,LR,16178,0.7538457006510149,0.2461542993489852,0.1294064007295008
24,2017,1,31,169735,127954,41781,125017,PS,8938,0.7538457006510149,0.2461542993489852,0.07149427677835814
25,2017,1,31,169735,127954,41781,125017,EELV,7233,0.7538457006510149,0.2461542993489852,0.05785613156610701
26,2017,1,31,169735,127954,41781,125017,PCF,8599,0.7538457006510149,0.2461542993489852,0.06878264556020382
27,2017,1,31,169735,127954,41781,125017,DVG,6271,0.7538457006510149,0.2461542993489852,0.05016117807978115
28,2017,1,31,169735,127954,41781,125017,DVD,3564,0.7538457006510149,0.2461542993489852,0.02850812289528624
29,2017,1,31,169735,127954,41781,125017,DIV,3424,0.7538457006510149,0.2461542993489852,0.027388275194573538
30,2017,1,32,111267,74011,37256,72033,REN,19071,0.6651657724212929,0.33483422757870707,0.26475365457498645
31,2017,1,32,111267,74011,37256,72033,RN,13197,0.6651657724212929,0.33483422757870707,0.18320769647245014
32,2017,1,32,111267,74011,37256,72033,LFI,8691,0.6651657724212929,0.33483422757870707,0.12065303402607139
33,2017,1,32,111267,74011,37256,72033,LR,13187,0.6651657724212929,0.33483422757870707,0.1830688712118057
34,2017,1,32,111267,74011,37256,72033,PS,2004,0.6651657724212929,0.33483422757870707,0.027820582233143144
35,2017,1,32,111267,74011,37256,72033,EELV,2628,0.6651657724212929,0.33483422757870707,0.03648327849735538
36,2017,1,32,111267,74011,37256,72033,PCF,1853,0.6651657724212929,0.33483422757870707,0.025724320797412298
37,2017,1,32,111267,74011,37256,72033,DVG,2677,0.6651657724212929,0.33483422757870707,0.03716352227451307
38,2017,1,32,111267,74011,37256,72033,DVD,6623,0.6651657724212929,0.33483422757870707,0.0919439701248039
39,2017,1,32,111267,74011,37256,72033,DIV,2102,0.6651657724212929,0.33483422757870707,0.029181069787458526
40,2017,1,46,188520,124912,63608,123462,REN,34026,0.662592828347125,0.33740717165287504,0.2755989697234777
41,2017,1,46,188520,124912,63608,123462,RN,19910,0.662592828347125,0.33740717165287504,0.16126419465098574
42,2017,1,46,188520,124912,63608,123462,LFI,16018,0.662592828347125,0.33740717165287504,0.12974032495828677
43,2017,1,46,188520,124912,63608,123462,LR,22243,0.662592828347125,0.33740717165287504,0.1801606972185774
44,2017,1,46,188520,124912,63608,123462,PS,10369,0.662592828347125,0.33740717165287504,0.08398535581798448
45,2017,1,46,188520,124912,63608,123462,EELV,4746,0.662592828347125,0.33740717165287504,0.038440977790737234
46,2017,1,46,188520,124912,63608,123462,PCF,11429,0.662592828347125,0.33740717165287504,0.09257099350407413
47,2017,1,46,188520,124912,63608,123462,DVG,4721,0.662592828347125,0.33740717165287504,0.03823848633587663
48,2017,1,65,131753,100916,30837,98682,REN,27616,0.7659484034519138,0.2340515965480862,0.27984840193753674
49,2017,1,65,131753,100916,30837,98682,RN,21707,0.7659484034519138,0.2340515965480862,0.21996919397661174
50,2017,1,65,131753,100916,30837,98682,LFI,8229,0.7659484034519138,0.2340515965480862,0.0833890679151213
51,2017,1,65,131753,100916,30837,98682,LR,19030,0.7659484034519138,0.2340515965480862,0.19284165298636022
52,2017,1,65,131753,100916,30837,98682,PS,4728,0.7659484034519138,0.2340515965480862,0.04791147321700006
53,2017,1,65,131753,100916,30837,98682,EELV,4934,0.7659484034519138,0.2340515965480862,0.04999898664396749
54,2017,1,65,131753,100916,30837,98682,PCF,5947,0.7659484034519138,0.2340515965480862,0.060264283253278206
55,2017,1,65,131753,100916,30837,98682,DVG,5277,0.7659484034519138,0.2340515965480862,0.053474797835471516
56,2017,1,65,131753,100916,30837,98682,DVD,1214,0.7659484034519138,0.2340515965480862,0.012302142234652723
57,2017,1,81,70283,57231,13052,56550,REN,11577,0.8142936414211118,0.1857063585788882,0.20472148541114057
58,2017,1,81,70283,57231,13052,56550,RN,15033,0.8142936414211118,0.1857063585788882,0.26583554376657825
59,2017,1,81,70283,57231,13052,56550,LFI,7340,0.8142936414211118,0.1857063585788882,0.12979664014146772
60,2017,1,81,70283,57231,13052,56550,LR,6658,0.8142936414211118,0.1857063585788882,0.11773651635720601
61,2017,1,81,70283,57231,13052,56550,PS,1546,0.8142936414211118,0.1857063585788882,0.027338638373121133
62,2017,1,81,70283,57231,13052,56550,EELV,3782,0.8142936414211118,0.1857063585788882,0.0668788682581786
63,2017,1,81,70283,57231,13052,56550,PCF,3580,0.8142936414211118,0.1857063585788882,0.06330680813439434
64,2017,1,81,70283,57231,13052,56550,DVG,4241,0.8142936414211118,0.1857063585788882,0.07499557913351017
65,2017,1,81,70283,57231,13052,56550,DVD,1693,0.8142936414211118,0.1857063585788882,0.02993810786914235
66,2017,1,81,70283,57231,13052,56550,DIV,1100,0.8142936414211118,0.1857063585788882,0.019451812555260833
67,2017,1,82,132880,91600,41280,90107,REN,18176,0.6893437688139675,0.3106562311860325,0.20171573795598566
68,2017,1,82,132880,91600,41280,90107,RN,17121,0.6893437688139675,0.3106562311860325,0.19000743560433705
69,2017,1,82,132880,91600,41280,90107,LFI,13842,0.6893437688139675,0.3106562311860325,0.15361736602039797
70,2017,1,82,132880,91600,41280,90107,LR,11775,0.6893437688139675,0.3106562311860325,0.13067797174470352
71,2017,1,82,132880,91600,41280,90107,PS,2765,0.6893437688139675,0.3106562311860325,0.030685740286548215
72,2017,1,82,132880,91600,41280,90107,EELV,3258,0.6893437688139675,0.3106562311860325,0.03615701332859822
73,2017,1,82,132880,91600,41280,90107,PCF,8208,0.6893437688139675,0.3106562311860325,0.09109170208751817
74,2017,1,82,132880,91600,41280,90107,DVG,7507,0.6893437688139675,0.3106562311860325,0.08331206232590142
75,2017,1,82,132880,91600,41280,90107,DVD,6290,0.6893437688139675,0.3106562311860325,0.06980589743305182
76,2017,1,82,132880,91600,41280,90107,DIV,1165,0.6893437688139675,0.3106562311860325,0.012929073212957928
77,2017,1,11,182908,125769,57139,123510,REN,36693,0.6876079777811797,0.3123920222188204,0.2970852562545543
78,2017,1,11,182908,125769,57139,123510,RN,29420,0.6876079777811797,0.3123920222188204,0.23819933608614688
79,2017,1,11,182908,125769,57139,123510,LFI,17927,0.6876079777811797,0.3123920222188204,0.1451461420127925
80,2017,1,11,182908,125769,57139,123510,LR,10633,0.6876079777811797,0.3123920222188204,0.08609019512590074
81,2017,1,11,182908,125769,57139,123510,PS,10632,0.6876079777811797,0.3123920222188204,0.08608209861549672
82,2017,1,11,182908,125769,57139,123510,EELV,6377,0.6876079777811797,0.3123920222188204,0.0516314468464092
83,2017,1,11,182908,125769,57139,123510,PCF,4766,0.6876079777811797,0.3123920222188204,0.03858796858553963
84,2017,1,11,182908,125769,57139,123510,DVG,6305,0.6876079777811797,0.3123920222188204,0.05104849809732005
85,2017,1,11,182908,125769,57139,123510,DVD,757,0.6876079777811797,0.3123920222188204,0.006129058375840013
86,2017,1,30,52021,40485,11536,39565,REN,8866,0.7782434017031583,0.22175659829684166,0.22408694553266775
87,2017,1,30,52021,40485,11536,39565,RN,10723,0.7782434017031583,0.22175659829684166,0.2710223682547706
88,2017,1,30,52021,40485,11536,39565,LFI,5573,0.7782434017031583,0.22175659829684166,0.1408568178946038
89,2017,1,30,52021,40485,11536,39565,LR,5069,0.7782434017031583,0.22175659829684166,0.1281182863642108
90,2017,1,30,52021,40485,11536,39565,PS,2767,0.7782434017031583,0.22175659829684166,0.0699355490964236
91,2017,1,30,52021,40485,11536,39565,EELV,3278,0.7782434017031583,0.22175659829684166,0.08285100467584987
92,2017,1,30,52021,40485,11536,39565,PCF,1409,0.7782434017031583,0.22175659829684166,0.03561228358397574
93,2017,1,30,52021,40485,11536,39565,DVG,1880,0.7782434017031583,0.22175659829684166,0.04751674459749779
94,2017,1,34,65745,46612,19133,45337,REN,13105,0.7089816716100084,0.29101832838999164,0.2890575027019873
95,2017,1,34,65745,46612,19133,45337,RN,8688,0.7089816716100084,0.29101832838999164,0.19163155921212255
96,2017,1,34,65745,46612,19133,45337,LFI,4903,0.7089816716100084,0.29101832838999164,0.10814566468888545
97,2017,1,34,65745,46612,19133,45337,LR,5028,0.7089816716100084,0.29101832838999164,0.11090279462690518
98,2017,1,34,65745,46612,19133,45337,PS,2664,0.7089816716100084,0.29101832838999164,0.05875995323907625
99,2017,1,34,65745,46612,19133,45337,EELV,4482,0.7089816716100084,0.29101832838999164,0.09885965105763504
100,2017,1,34,65745,46612,19133,45337,PCF,2257,0.7089816716100084,0.29101832838999164,0.04978273816088405
101,2017,1,34,65745,46612,19133,45337,DVG,2619,0.7089816716100084,0.29101832838999164,0.05776738646138915
102,2017,1,34,65745,46612,19133,45337,DVD,1591,0.7089816716100084,0.29101832838999164,0.035092749851114984
103,2017,1,48,196163,144231,51932,138593,REN,36431,0.7352609819384899,0.26473901806151007,0.26286320376931016
104,2017,1,48,196163,144231,51932,138593,RN,21590,0.7352609819384899,0.26473901806151007,0.15577987344238164
105,2017,1,48,196163,144231,51932,138593,LFI,13645,0.7352609819384899,0.26473901806151007,0.09845374586018053
106,2017,1,48,196163,144231,51932,138593,LR,16751,0.7352609819384899,0.26473901806151007,0.12086469013586545
107,2017,1,48,196163,144231,51932,138593,PS,9727,0.7352609819384899,0.26473901806151007,0.07018391982279047
108,2017,1,48,196163,144231,51932,138593,EELV,6233,0.7352609819384899,0.26473901806151007,0.04497341135555187
109,2017,1,48,196163,144231,51932,138593,PCF,10682,0.7352609819384899,0.26473901806151007,0.07707459972725896
110,2017,1,48,196163,144231,51932,138593,DVG,12654,0.7352609819384899,0.26473901806151007,0.09130331257711428
111,2017,1,48,196163,144231,51932,138593,DVD,4065,0.7352609819384899,0.26473901806151007,0.029330485666664262
112,2017,1,48,196163,144231,51932,138593,DIV,6815,0.7352609819384899,0.26473901806151007,0.0491727576428824
113,2017,1,66,56684,38242,18442,37413,REN,8108,0.6746524592477595,0.3253475407522405,0.21671611471948254
114,2017,1,66,56684,38242,18442,37413,RN,9264,0.6746524592477595,0.3253475407522405,0.24761446556009942
115,2017,1,66,56684,38242,18442,37413,LFI,4410,0.6746524592477595,0.3253475407522405,0.11787346644214577
116,2017,1,66,56684,38242,18442,37413,LR,7263,0.6746524592477595,0.3253475407522405,0.1941303824873707
117,2017,1,66,56684,38242,18442,37413,PS,2659,0.6746524592477595,0.3253475407522405,0.07107155266885842
118,2017,1,66,56684,38242,18442,37413,EELV,1811,0.6746524592477595,0.3253475407522405,0.04840563440515329
119,2017,1,66,56684,38242,18442,37413,PCF,2283,0.6746524592477595,0.3253475407522405,0.0610215700424986
120,2017,1,66,56684,38242,18442,37413,DVG,1092,0.6746524592477595,0.3253475407522405,0.029187715499959906
121,2017,1,66,56684,38242,18442,37413,DVD,523,0.6746524592477595,0.3253475407522405,0.013979098174431347
122,2017,2,09,130359,88881,41478,86727,REN,14902,0.6818171357558742,0.31818286424412584,0.17182653614214718
123,2017,2,09,130359,88881,41478,86727,RN,20865,0.6818171357558742,0.31818286424412584,0.24058251755508664
124,2017,2,09,130359,88881,41478,86727,LFI,8310,0.6818171357558742,0.31818286424412584,0.0958179113770798
125,2017,2,09,130359,88881,41478,86727,LR,16868,0.6818171357558742,0.31818286424412584,0.1944953705305153
126,2017,2,09,130359,88881,41478,86727,PS,8256,0.6818171357558742,0.31818286424412584,0.09519526790964751
127,2017,2,09,130359,88881,41478,86727,EELV,7012,0.6818171357558742,0.31818286424412584,0.08085140728954074
128,2017,2,09,130359,88881,41478,86727,PCF,2269,0.6818171357558742,0.31818286424412584,0.026162556066738157
129,2017,2,09,130359,88881,41478,86727,DVG,5414,0.6818171357558742,0.31818286424412584,0.062425772827377865
130,2017,2,09,130359,88881,41478,86727,DVD,2831,0.6818171357558742,0.31818286424412584,0.03264266030186678
131,2017,2,12,89973,64445,25528,62660,REN,17538,0.7162704366865615,0.28372956331343846,0.279891477816789
132,2017,2,12,89973,64445,25528,62660,RN,12335,0.7162704366865615,0.28372956331343846,0.19685604851579955
133,2017,2,12,89973,64445,25528,62660,LFI,10683,0.7162704366865615,0.28372956331343846,0.17049154165336738
134,2017,2,12,89973,64445,25528,62660,LR,12154,0.7162704366865615,0.28372956331343846,0.1939674433450367
135,2017,2,12,89973,64445,25528,62660,PS,5093,0.7162704366865615,0.28372956331343846,0.08127992339610597
136,2017,2,12,89973,64445,25528,62660,EELV,1430,0.7162704366865615,0.28372956331343846,0.022821576763485476
137,2017,2,12,89973,64445,25528,62660,PCF,3427,0.7162704366865615,0.28372956331343846,0.054691988509415895
138,2017,2,31,138488,107537,30951,105156,REN,16754,0.7765077118595113,0.22349228814048872,0.15932519304652135
139,2017,2,31,138488,107537,30951,105156,RN,17400,0.7765077118595113,0.22349228814048872,0.16546844687892273
140,2017,2,31,138488,107537,30951,105156,LFI,13744,0.7765077118595113,0.22349228814048872,0.13070105367263873
141,2017,2,31,138488,107537,30951,105156,LR,10432,0.7765077118595113,0.22349228814048872,0.09920499068051276
142,2017,2,31,138488,107537,30951,105156,PS,6256,0.7765077118595113,0.22349228814048872,0.0594925634295713
143,2017,2,31,138488,107537,30951,105156,EELV,7564,0.7765077118595113,0.22349228814048872,0.07193122598805585
144,2017,2,31,138488,107537,30951,105156,PCF,3681,0.7765077118595113,0.22349228814048872,0.03500513522766176
145,2017,2,31,138488,107537,30951,105156,DVG,8842,0.7765077118595113,0.22349228814048872,0.08408459812088706
146,2017,2,31,138488,107537,30951,105156,DVD,4348,0.7765077118595113,0.22349228814048872,0.04134809235802046
147,2017,2,31,138488,107537,30951,105156,DIV,16135,0.7765077118595113,0.22349228814048872,0.15343870059720796
148,2017,2,32,166803,140822,25981,135312,REN,29643,0.8442414105261896,0.1557585894738104,0.21907147924796028
149,2017,2,32,166803,140822,25981,135312,RN,22970,0.8442414105261896,0.1557585894738104,0.16975582357810098
150,2017,2,32,166803,140822,25981,135312,LFI,20066,0.8442414105261896,0.1557585894738104,0.14829431240392574
151,2017,2,32,166803,140822,25981,135312,LR,21334,0.8442414105261896,0.1557585894738104,0.15766524772377913
152,2017,2,32,166803,140822,25981,135312,PS,11763,0.8442414105261896,0.1557585894738104,0.08693242284498048
153,2017,2,32,166803,140822,25981,135312,EELV,5318,0.8442414105261896,0.1557585894738104,0.039301761854085376
154,2017,2,32,166803,140822,25981,135312,PCF,2790,0.8442414105261896,0.1557585894738104,0.020619013834693153
155,2017,2,32,166803,140822,25981,135312,DVG,5290,0.8442414105261896,0.1557585894738104,0.03909483268298451
156,2017,2,32,166803,140822,25981,135312,DVD,7030,0.8442414105261896,0.1557585894738104,0.051954002601395294
157,2017,2,32,166803,140822,25981,135312,DIV,9108,0.8442414105261896,0.1557585894738104,0.06731110322809507
158,2017,2,46,95487,68189,27298,65572,REN,12015,0.7141181522092013,0.2858818477907987,0.18323369730982736
159,2017,2,46,95487,68189,27298,65572,RN,15307,0.7141181522092013,0.2858818477907987,0.23343805282742633
160,2017,2,46,95487,68189,27298,65572,LFI,7665,0.7141181522092013,0.2858818477907987,0.11689440614896603
161,2017,2,46,95487,68189,27298,65572,LR,11017,0.7141181522092013,0.2858818477907987,0.16801378637223205
162,2017,2,46,95487,68189,27298,65572,PS,5789,0.7141181522092013,0.2858818477907987,0.0882846336851095
163,2017,2,46,95487,68189,27298,65572,EELV,1965,0.7141181522092013,0.2858818477907987,0.029967059110595985
164,2017,2,46,95487,68189,27298,65572,PCF,3964,0.7141181522092013,0.2858818477907987,0.06045263222106997
165,2017,2,46,95487,68189,27298,65572,DVG,4311,0.7141181522092013,0.2858818477907987,0.06574452510217776
166,2017,2,46,95487,68189,27298,65572,DVD,3539,0.7141181522092013,0.2858818477907987,0.05397120722259501
167,2017,2,65,145916,117456,28460,114515,REN,21099,0.804956276213712,0.195043723786288,0.18424660524822076
168,2017,2,65,145916,117456,28460,114515,RN,27244,0.804956276213712,0.195043723786288,0.23790769768152645
169,2017,2,65,145916,117456,28460,114515,LFI,14097,0.804956276213712,0.195043723786288,0.12310177705977383
170,2017,2,65,145916,117456,28460,114515,LR,20823,0.804956276213712,0.195043723786288,0.18183644064096408
171,2017,2,65,145916,117456,28460,114515,PS,10762,0.804956276213712,0.195043723786288,0.09397895472208881
172,2017,2,65,145916,117456,28460,114515,EELV,5305,0.804956276213712,0.195043723786288,0.04632580884600271
173,2017,2,65,145916,117456,28460,114515,PCF,11173,0.804956276213712,0.195043723786288,0.09756800419159062
174,2017,2,65,145916,117456,28460,114515,DVG,4012,0.804956276213712,0.195043723786288,0.03503471160983277
175,2017,2,81,59032,49425,9607,47838,REN,13527,0.8372577585038623,0.1627422414961377,0.282766838078515
176,2017,2,81,59032,49425,9607,47838,RN,10433,0.8372577585038623,0.1627422414961377,0.2180902211630921
177,2017,2,81,59032,49425,9607,47838,LFI,8615,0.8372577585038623,0.1627422414961377,0.18008696015719722
178,2017,2,81,59032,49425,9607,47838,LR,9257,0.8372577585038623,0.1627422414961377,0.19350725364772775
179,2017,2,81,59032,49425,9607,47838,PS,3523,0.8372577585038623,0.1627422414961377,0.07364438312638488
180,2017,2,81,59032,49425,9607,47838,EELV,2483,0.8372577585038623,0.1627422414961377,0.051904343827083074
181,2017,2,82,152457,106602,45855,102504,REN,30389,0.6992266671914048,0.3007733328085952,0.2964664793569031
182,2017,2,82,152457,106602,45855,102504,RN,19347,0.6992266671914048,0.3007733328085952,0.18874385389838447
183,2017,2,82,152457,106602,45855,102504,LFI,11133,0.6992266671914048,0.3007733328085952,0.10861039569187544
184,2017,2,82,152457,106602,45855,102504,LR,9062,0.6992266671914048,0.3007733328085952,0.08840630609537188
185,2017,2,82,152457,106602,45855,102504,PS,9523,0.6992266671914048,0.3007733328085952,0.09290369156325606
186,2017,2,82,152457,106602,45855,102504,EELV,5628,0.6992266671914048,0.3007733328085952,0.05490517443221728
187,2017,2,82,152457,106602,45855,102504,PCF,6570,0.6992266671914048,0.3007733328085952,0.06409505970498712
188,2017,2,82,152457,106602,45855,102504,DVG,3869,0.6992266671914048,0.3007733328085952,0.03774486849293686
189,2017,2,82,152457,106602,45855,102504,DVD,6983,0.6992266671914048,0.3007733328085952,0.06812417076406774
190,2017,2,11,88465,71210,17255,70341,REN,17810,0.8049511106087153,0.1950488893912847,0.25319514934391035
191,2017,2,11,88465,71210,17255,70341,RN,14467,0.8049511106087153,0.1950488893912847,0.2056695241750899
192,2017,2,11,88465,71210,17255,70341,LFI,8039,0.8049511106087153,0.1950488893912847,0.11428612047028049
193,2017,2,11,88465,71210,17255,70341,LR,6358,0.8049511106087153,0.1950488893912847,0.09038825151760708
194,2017,2,11,88465,71210,17255,70341,PS,5643,0.8049511106087153,0.1950488893912847,0.08022348274832601
195,2017,2,11,88465,71210,17255,70341,EELV,5412,0.8049511106087153,0.1950488893912847,0.07693948053055828
196,2017,2,11,88465,71210,17255,70341,PCF,6457,0.8049511106087153,0.1950488893912847,0.09179568103950754
197,2017,2,11,88465,71210,17255,70341,DVG,6155,0.8049511106087153,0.1950488893912847,0.0875023101747203
198,2017,2,30,179442,139625,39817,136756,REN,31252,0.7781065748264063,0.2218934251735937,0.22852379420281377
199,2017,2,30,179442,139625,39817,136756,RN,26585,0.7781065748264063,0.2218934251735937,0.19439732077568808
200,2017,2,30,179442,139625,39817,136756,LFI,11495,0.7781065748264063,0.2218934251735937,0.08405481295153412
201,2017,2,30,179442,139625,39817,136756,LR,13831,0.7781065748264063,0.2218934251735937,0.10113633039866624
202,2017,2,30,179442,139625,39817,136756,PS,13582,0.7781065748264063,0.2218934251735937,0.09931556933516628
203,2017,2,30,179442,139625,39817,136756,EELV,3652,0.7781065748264063,0.2218934251735937,0.026704495597999357
204,2017,2,30,179442,139625,39817,136756,PCF,11755,0.7781065748264063,0.2218934251735937,0.0859560092427389
205,2017,2,30,179442,139625,39817,136756,DVG,6231,0.7781065748264063,0.2218934251735937,0.04556290034806517
206,2017,2,30,179442,139625,39817,136756,DVD,7277,0.7781065748264063,0.2218934251735937,0.053211559273450525
207,2017,2,30,179442,139625,39817,136756,DIV,11096,0.7781065748264063,0.2218934251735937,0.08113720787387756
208,2017,2,34,184362,148091,36271,144874,REN,25780,0.8032620605113852,0.1967379394886148,0.17794773389290003
209,2017,2,34,184362,148091,36271,144874,RN,21739,0.8032620605113852,0.1967379394886148,0.15005453014343498
210,2017,2,34,184362,148091,36271,144874,LFI,14831,0.8032620605113852,0.1967379394886148,0.10237171611193174
211,2017,2,34,184362,148091,36271,144874,LR,13414,0.8032620605113852,0.1967379394886148,0.09259080304264396
212,2017,2,34,184362,148091,36271,144874,PS,10231,0.8032620605113852,0.1967379394886148,0.07061998702320638
213,2017,2,34,184362,148091,36271,144874,EELV,5149,0.8032620605113852,0.1967379394886148,0.03554122892996673
214,2017,2,34,184362,148091,36271,144874,PCF,5534,0.8032620605113852,0.1967379394886148,0.038198710603697006
215,2017,2,34,184362,148091,36271,144874,DVG,3301,0.8032620605113852,0.1967379394886148,0.022785316896061406
216,2017,2,34,184362,148091,36271,144874,DVD,12898,0.8032620605113852,0.1967379394886148,0.0890290873448652
217,2017,2,34,184362,148091,36271,144874,DIV,31997,0.8032620605113852,0.1967379394886148,0.22086088601129258
218,2017,2,48,193006,150617,42389,145880,REN,32341,0.7803747033770971,0.21962529662290292,0.22169591445023307
219,2017,2,48,193006,150617,42389,145880,RN,40429,0.7803747033770971,0.21962529662290292,0.2771387441732931
220,2017,2,48,193006,150617,42389,145880,LFI,22097,0.7803747033770971,0.21962529662290292,0.1514738140937757
221,2017,2,48,193006,150617,42389,145880,LR,16613,0.7803747033770971,0.21962529662290292,0.11388127227858513
222,2017,2,48,193006,150617,42389,145880,PS,11292,0.7803747033770971,0.21962529662290292,0.07740608719495476
223,2017,2,48,193006,150617,42389,145880,EELV,14048,0.7803747033770971,0.21962529662290292,0.0962983273923773
224,2017,2,48,193006,150617,42389,145880,PCF,9060,0.7803747033770971,0.21962529662290292,0.06210584041678092
225,2017,2,66,168702,138665,30037,136716,REN,36048,0.821952318289054,0.17804768171094593,0.2636706749758624
226,2017,2,66,168702,138665,30037,136716,RN,21523,0.821952318289054,0.17804768171094593,0.15742853799116416
227,2017,2,66,168702,138665,30037,136716,LFI,18995,0.821952318289054,0.17804768171094593,0.13893765177448142
228,2017,2,66,168702,138665,30037,136716,LR,15443,0.821952318289054,0.17804768171094593,0.11295678633078791
229,2017,2,66,168702,138665,30037,136716,PS,9838,0.821952318289054,0.17804768171094593,0.07195939026887856
230,2017,2,66,168702,138665,30037,136716,EELV,12067,0.821952318289054,0.17804768171094593,0.08826326106673689
231,2017,2,66,168702,138665,30037,136716,PCF,13434,0.821952318289054,0.17804768171094593,0.09826209075748267
232,2017,2,66,168702,138665,30037,136716,DVG,3152,0.821952318289054,0.17804768171094593,0.023055092308142427
233,2017,2,66,168702,138665,30037,136716,DVD,6216,0.821952318289054,0.17804768171094593,0.045466514526463615
234,2022,1,09,109038,89640,19398,88309,REN,13610,0.8220987178781709,0.1779012821218291,0.1541179268251254
235,2022,1,09,109038,89640,19398,88309,RN,18823,0.8220987178781709,0.1779012821218291,0.21314928263257427
236,2022,1,09,109038,89640,19398,88309,LFI,8199,0.8220987178781709,0.1779012821218291,0.09284444394116115
237,2022,1,09,109038,89640,19398,88309,LR,13780,0.8220987178781709,0.1779012821218291,0.156042985426174
238,2022,1,09,109038,89640,19398,88309,PS,4123,0.8220987178781709,0.1779012821218291,0.04668833301249024
239,2022,1,09,109038,89640,19398,88309,EELV,4688,0.8220987178781709,0.1779012821218291,0.053086321892445845
240,2022,1,09,109038,89640,19398,88309,PCF,4322,0.8220987178781709,0.1779012821218291,0.04894178396312947
241,2022,1,09,109038,89640,19398,88309,DVG,6810,0.8220987178781709,0.1779012821218291,0.07711558278318179
242,2022,1,09,109038,89640,19398,88309,DVD,5598,0.8220987178781709,0.1779012821218291,0.06339104734511772
243,2022,1,09,109038,89640,19398,88309,DIV,8356,0.8220987178781709,0.1779012821218291,0.09462229217860015
244,2022,1,12,139786,94449,45337,92780,REN,19435,0.6756685218834504,0.3243314781165496,0.2094740245742617
245,2022,1,12,139786,94449,45337,92780,RN,15289,0.6756685218834504,0.3243314781165496,0.164787669756413
246,2022,1,12,139786,94449,45337,92780,LFI,12781,0.6756685218834504,0.3243314781165496,0.1377559818926493
247,2022,1,12,139786,94449,45337,92780,LR,9905,0.6756685218834504,0.3243314781165496,0.10675792196594093
248,2022,1,12,139786,94449,45337,92780,PS,4340,0.6756685218834504,0.3243314781165496,0.04677732269885751
249,2022,1,12,139786,94449,45337,92780,EELV,5600,0.6756685218834504,0.3243314781165496,0.06035783574046131
250,2022,1,12,139786,94449,45337,92780,PCF,5522,0.6756685218834504,0.3243314781165496,0.05951713731407631
251,2022,1,12,139786,94449,45337,92780,DVG,6543,0.6756685218834504,0.3243314781165496,0.07052166415175684
252,2022,1,12,139786,94449,45337,92780,DVD,5680,0.6756685218834504,0.3243314781165496,0.06122009053675361
253,2022,1,12,139786,94449,45337,92780,DIV,7685,0.6756685218834504,0.3243314781165496,0.08283035136882949
254,2022,1,31,65124,54873,10251,54078,REN,12461,0.8425925925925926,0.1574074074074074,0.23042642109545472
255,2022,1,31,65124,54873,10251,54078,RN,9767,0.8425925925925926,0.1574074074074074,0.1806094899959318
256,2022,1,31,65124,54873,10251,54078,LFI,8977,0.8425925925925926,0.1574074074074074,0.16600096157402272
257,2022,1,31,65124,54873,10251,54078,LR,8294,0.8425925925925926,0.1574074074074074,0.1533710566219165
258,2022,1,31,65124,54873,10251,54078,PS,2281,0.8425925925925926,0.1574074074074074,0.04217981434224639
259,2022,1,31,65124,54873,10251,54078,EELV,4273,0.8425925925925926,0.1574074074074074,0.0790154961352121
260,2022,1,31,65124,54873,10251,54078,PCF,2572,0.8425925925925926,0.1574074074074074,0.04756093050778505
261,2022,1,31,65124,54873,10251,54078,DVG,1738,0.8425925925925926,0.1574074074074074,0.032138762528200006
262,2022,1,31,65124,54873,10251,54078,DVD,2489,0.8425925925925926,0.1574074074074074,0.046026110433078145
263,2022,1,31,65124,54873,10251,54078,DIV,1226,0.8425925925925926,0.1574074074074074,0.022670956766152595
264,2022,1,32,119415,95151,24264,91496,REN,25852,0.7968094460494912,0.20319055395050872,0.2825478709451779
265,2022,1,32,119415,95151,24264,91496,RN,21937,0.7968094460494912,0.20319055395050872,0.23975911515257498
266,2022,1,32,119415,95151,24264,91496,LFI,8318,0.7968094460494912,0.20319055395050872,0.09091107807991607
267,2022,1,32,119415,95151,24264,91496,LR,9714,0.7968094460494912,0.20319055395050872,0.10616857567543936
268,2022,1,32,119415,95151,24264,91496,PS,4816,0.7968094460494912,0.20319055395050872,0.05263618081664772
269,2022,1,32,119415,95151,24264,91496,EELV,7437,0.7968094460494912,0.20319055395050872,0.0812822418466381
270,2022,1,32,119415,95151,24264,91496,PCF,5897,0.7968094460494912,0.20319055395050872,0.06445090495759377
271,2022,1,32,119415,95151,24264,91496,DVG,6062,0.7968094460494912,0.20319055395050872,0.06625426248141995
272,2022,1,32,119415,95151,24264,91496,DVD,1463,0.7968094460494912,0.20319055395050872,0.01598977004459211
273,2022,1,46,157915,110342,47573,108491,REN,19427,0.69874299464902,0.30125700535097993,0.1790655446073868
274,2022,1,46,157915,110342,47573,108491,RN,16754,0.69874299464902,0.30125700535097993,0.15442755620281867
275,2022,1,46,157915,110342,47573,108491,LFI,12533,0.69874299464902,0.30125700535097993,0.11552110313297877
276,2022,1,46,157915,110342,47573,108491,LR,9406,0.69874299464902,0.30125700535097993,0.08669843581495239
277,2022,1,46,157915,110342,47573,108491,PS,4609,0.69874299464902,0.30125700535097993,0.04248278659059277
278,2022,1,46,157915,110342,47573,108491,EELV,6225,0.69874299464902,0.30125700535097993,0.05737803135743979
279,2022,1,46,157915,110342,47573,108491,PCF,3459,0.69874299464902,0.30125700535097993,0.03188282899042317
280,2022,1,46,157915,110342,47573,108491,DVG,7505,0.69874299464902,0.30125700535097993,0.0691762450341503
281,2022,1,46,157915,110342,47573,108491,DVD,10260,0.69874299464902,0.30125700535097993,0.09457005650238269
282,2022,1,46,157915,110342,47573,108491,DIV,18313,0.69874299464902,0.30125700535097993,0.16879741176687468
283,2022,1,65,153836,128702,25134,125036,REN,19038,0.836618216802309,0.16338178319769106,0.1522601490770658
284,2022,1,65,153836,128702,25134,125036,RN,23734,0.836618216802309,0.16338178319769106,0.18981733260820885
285,2022,1,65,153836,128702,25134,125036,LFI,19332,0.836618216802309,0.16338178319769106,0.15461147189609392
286,2022,1,65,153836,128702,25134,125036,LR,11051,0.836618216802309,0.16338178319769106,0.08838254582680188
287,2022,1,65,153836,128702,25134,125036,PS,7731,0.836618216802309,0.16338178319769106,0.06183019290444352
288,2022,1,65,153836,128702,25134,125036,EELV,3416,0.836618216802309,0.16338178319769106,0.02732013180204101
289,2022,1,65,153836,128702,25134,125036,PCF,4335,0.836618216802309,0.16338178319769106,0.03467001503566973
290,2022,1,65,153836,128702,25134,125036,DVG,5207,0.836618216802309,0.16338178319769106,0.04164400652612048
291,2022,1,65,153836,128702,25134,125036,DVD,2562,0.836618216802309,0.16338178319769106,0.02049009885153076
292,2022,1,65,153836,128702,25134,125036,DIV,28630,0.836618216802309,0.16338178319769106,0.22897405547202407
293,2022,1,81,195564,144698,50866,139900,REN,22284,0.7399010042748154,0.2600989957251846,0.15928520371694066
294,2022,1,81,195564,144698,50866,139900,RN,33072,0.7399010042748154,0.2600989957251846,0.236397426733381
295,2022,1,81,195564,144698,50866,139900,LFI,17813,0.7399010042748154,0.2600989957251846,0.1273266619013581
296,2022,1,81,195564,144698,50866,139900,LR,11358,0.7399010042748154,0.2600989957251846,0.08118656182987849
297,2022,1,81,195564,144698,50866,139900,PS,5442,0.7399010042748154,0.2600989957251846,0.03889921372408864
298,2022,1,81,195564,144698,50866,139900,EELV,4082,0.7399010042748154,0.2600989957251846,0.02917798427448177
299,2022,1,81,195564,144698,50866,139900,PCF,13783,0.7399010042748154,0.2600989957251846,0.09852037169406719
300,2022,1,81,195564,144698,50866,139900,DVG,4949,0.7399010042748154,0.2600989957251846,0.03537526804860615
301,2022,1,81,195564,144698,50866,139900,DVD,13839,0.7399010042748154,0.2600989957251846,0.09892065761258041
302,2022,1,81,195564,144698,50866,139900,DIV,13278,0.7399010042748154,0.2600989957251846,0.09491065046461758
303,2022,1,82,120325,84355,35970,82667,REN,20041,0.7010596301682942,0.2989403698317058,0.24243047407066906
304,2022,1,82,120325,84355,35970,82667,RN,23648,0.7010596301682942,0.2989403698317058,0.28606336264773125
305,2022,1,82,120325,84355,35970,82667,LFI,12838,0.7010596301682942,0.2989403698317058,0.15529776089612543
306,2022,1,82,120325,84355,35970,82667,LR,10220,0.7010596301682942,0.2989403698317058,0.12362853375591228
307,2022,1,82,120325,84355,35970,82667,PS,2051,0.7010596301682942,0.2989403698317058,0.024810383829097463
308,2022,1,82,120325,84355,35970,82667,EELV,8040,0.7010596301682942,0.2989403698317058,0.09725767234809538
309,2022,1,82,120325,84355,35970,82667,PCF,4489,0.7010596301682942,0.2989403698317058,0.054302200394353246
310,2022,1,82,120325,84355,35970,82667,DVG,1340,0.7010596301682942,0.2989403698317058,0.016209612058015896
311,2022,1,11,166147,118681,47466,117357,REN,20594,0.7143132286469212,0.2856867713530789,0.17548165000809496
312,2022,1,11,166147,118681,47466,117357,RN,23354,0.7143132286469212,0.2856867713530789,0.1989996335966325
313,2022,1,11,166147,118681,47466,117357,LFI,11843,0.7143132286469212,0.2856867713530789,0.10091430421704713
314,2022,1,11,166147,118681,47466,117357,LR,19833,0.7143132286469212,0.2856867713530789,0.168997162504154
315,2022,1,11,166147,118681,47466,117357,PS,4775,0.7143132286469212,0.2856867713530789,0.040687815809879256
316,2022,1,11,166147,118681,47466,117357,EELV,5532,0.7143132286469212,0.2856867713530789,0.047138219279633936
317,2022,1,11,166147,118681,47466,117357,PCF,3567,0.7143132286469212,0.2856867713530789,0.030394437485620797
318,2022,1,11,166147,118681,47466,117357,DVG,6989,0.7143132286469212,0.2856867713530789,0.059553328731988715
319,2022,1,11,166147,118681,47466,117357,DVD,11488,0.7143132286469212,0.2856867713530789,0.09788934618301422
320,2022,1,11,166147,118681,47466,117357,DIV,9382,0.7143132286469212,0.2856867713530789,0.0799441021839345
321,2022,1,30,162832,136027,26805,133891,REN,35394,0.8353824801021912,0.1646175198978088,0.2643493588067906
322,2022,1,30,162832,136027,26805,133891,RN,36490,0.8353824801021912,0.1646175198978088,0.27253512185285045
323,2022,1,30,162832,136027,26805,133891,LFI,14365,0.8353824801021912,0.1646175198978088,0.10728876474146881
324,2022,1,30,162832,136027,26805,133891,LR,17251,0.8353824801021912,0.1646175198978088,0.12884361159450597
325,2022,1,30,162832,136027,26805,133891,PS,5248,0.8353824801021912,0.1646175198978088,0.03919606246872456
326,2022,1,30,162832,136027,26805,133891,EELV,10021,0.8353824801021912,0.1646175198978088,0.07484446303336297
327,2022,1,30,162832,136027,26805,133891,PCF,7493,0.8353824801021912,0.1646175198978088,0.05596343294172125
328,2022,1,30,162832,136027,26805,133891,DVG,7629,0.8353824801021912,0.1646175198978088,0.056979184560575394
329,2022,1,34,72871,53974,18897,53037,REN,9908,0.740678733652619,0.259321266347381,0.18681297961800253
330,2022,1,34,72871,53974,18897,53037,RN,9533,0.740678733652619,0.259321266347381,0.17974244395422065
331,2022,1,34,72871,53974,18897,53037,LFI,8568,0.740678733652619,0.259321266347381,0.16154759884608857
332,2022,1,34,72871,53974,18897,53037,LR,4547,0.740678733652619,0.259321266347381,0.08573260176857665
333,2022,1,34,72871,53974,18897,53037,PS,1514,0.740678733652619,0.259321266347381,0.028546109319908742
334,2022,1,34,72871,53974,18897,53037,EELV,4353,0.740678733652619,0.259321266347381,0.08207477798518016
335,2022,1,34,72871,53974,18897,53037,PCF,4801,0.740678733652619,0.259321266347381,0.09052171125817825
336,2022,1,34,72871,53974,18897,53037,DVG,4596,0.740678733652619,0.259321266347381,0.08665648509531082
337,2022,1,34,72871,53974,18897,53037,DVD,1273,0.740678733652619,0.259321266347381,0.02400211173331825
338,2022,1,34,72871,53974,18897,53037,DIV,3944,0.740678733652619,0.259321266347381,0.07436318042121538
339,2022,1,48,125258,90202,35056,86642,REN,19790,0.7201296523974516,0.27987034760254836,0.22841116317721197
340,2022,1,48,125258,90202,35056,86642,RN,18417,0.7201296523974516,0.27987034760254836,0.2125643452367212
341,2022,1,48,125258,90202,35056,86642,LFI,13269,0.7201296523974516,0.27987034760254836,0.1531474342697537
342,2022,1,48,125258,90202,35056,86642,LR,8931,0.7201296523974516,0.27987034760254836,0.10307933796542093
343,2022,1,48,125258,90202,35056,86642,PS,7833,0.7201296523974516,0.27987034760254836,0.09040650031162716
344,2022,1,48,125258,90202,35056,86642,EELV,3239,0.7201296523974516,0.27987034760254836,0.03738371690404192
345,2022,1,48,125258,90202,35056,86642,PCF,1835,0.7201296523974516,0.27987034760254836,0.021179104822141685
346,2022,1,48,125258,90202,35056,86642,DVG,4011,0.7201296523974516,0.27987034760254836,0.046293945199787634
347,2022,1,48,125258,90202,35056,86642,DVD,2050,0.7201296523974516,0.27987034760254836,0.023660580319013875
348,2022,1,48,125258,90202,35056,86642,DIV,7267,0.7201296523974516,0.27987034760254836,0.08387387179427991
349,2022,1,66,73831,55945,17886,54920,REN,10952,0.7577440370576045,0.24225596294239546,0.19941733430444283
350,2022,1,66,73831,55945,17886,54920,RN,9435,0.7577440370576045,0.24225596294239546,0.17179533867443555
351,2022,1,66,73831,55945,17886,54920,LFI,5315,0.7577440370576045,0.24225596294239546,0.09677713037144937
352,2022,1,66,73831,55945,17886,54920,LR,5720,0.7577440370576045,0.24225596294239546,0.10415149308084487
353,2022,1,66,73831,55945,17886,54920,PS,3742,0.7577440370576045,0.24225596294239546,0.06813546977421704
354,2022,1,66,73831,55945,17886,54920,EELV,2062,0.7577440370576045,0.24225596294239546,0.0375455207574654
355,2022,1,66,73831,55945,17886,54920,PCF,2003,0.7577440370576045,0.24225596294239546,0.03647123088128187
356,2022,1,66,73831,55945,17886,54920,DVG,4646,0.7577440370576045,0.24225596294239546,0.08459577567370721
357,2022,1,66,73831,55945,17886,54920,DVD,4483,0.7577440370576045,0.24225596294239546,0.08162782228696286
358,2022,1,66,73831,55945,17886,54920,DIV,6562,0.7577440370576045,0.24225596294239546,0.11948288419519301
359,2022,2,09,112649,83167,29482,80108,REN,17272,0.738284405542881,0.261715594457119,0.21560892794727118
360,2022,2,09,112649,83167,29482,80108,RN,21717,0.738284405542881,0.261715594457119,0.27109651969840715
361,2022,2,09,112649,83167,29482,80108,LFI,11929,0.738284405542881,0.261715594457119,0.1489114695161532
362,2022,2,09,112649,83167,29482,80108,LR,14985,0.738284405542881,0.261715594457119,0.1870599690417936
363,2022,2,09,112649,83167,29482,80108,PS,6005,0.738284405542881,0.261715594457119,0.07496130224197334
364,2022,2,09,112649,83167,29482,80108,EELV,2549,0.738284405542881,0.261715594457119,0.03181954361611824
365,2022,2,09,112649,83167,29482,80108,PCF,5651,0.738284405542881,0.261715594457119,0.07054226793828332
366,2022,2,12,103517,73167,30350,72303,REN,12241,0.7068114415989645,0.2931885584010356,0.16930141211291372
367,2022,2,12,103517,73167,30350,72303,RN,16077,0.7068114415989645,0.2931885584010356,0.22235591884154185
368,2022,2,12,103517,73167,30350,72303,LFI,7370,0.7068114415989645,0.2931885584010356,0.10193214666058116
369,2022,2,12,103517,73167,30350,72303,LR,13706,0.7068114415989645,0.2931885584010356,0.18956336528221512
370,2022,2,12,103517,73167,30350,72303,PS,4567,0.7068114415989645,0.2931885584010356,0.06316473728614304
371,2022,2,12,103517,73167,30350,72303,EELV,2432,0.7068114415989645,0.2931885584010356,0.033636225329516066
372,2022,2,12,103517,73167,30350,72303,PCF,4624,0.7068114415989645,0.2931885584010356,0.06395308631730356
373,2022,2,12,103517,73167,30350,72303,DVG,5559,0.7068114415989645,0.2931885584010356,0.07688477656528775
374,2022,2,12,103517,73167,30350,72303,DVD,2067,0.7068114415989645,0.2931885584010356,0.028588025393137213
375,2022,2,12,103517,73167,30350,72303,DIV,3660,0.7068114415989645,0.2931885584010356,0.05062030621136052
376,2022,2,31,79248,53563,25685,51525,REN,10972,0.6758908742176458,0.3241091257823541,0.2129451722464823
377,2022,2,31,79248,53563,25685,51525,RN,12710,0.6758908742176458,0.3241091257823541,0.24667637069383794
378,2022,2,31,79248,53563,25685,51525,LFI,5985,0.6758908742176458,0.3241091257823541,0.11615720524017467
379,2022,2,31,79248,53563,25685,51525,LR,6870,0.6758908742176458,0.3241091257823541,0.13333333333333333
380,2022,2,31,79248,53563,25685,51525,PS,3334,0.6758908742176458,0.3241091257823541,0.0647064531780689
381,2022,2,31,79248,53563,25685,51525,EELV,2909,0.6758908742176458,0.3241091257823541,0.056458030082484234
382,2022,2,31,79248,53563,25685,51525,PCF,1038,0.6758908742176458,0.3241091257823541,0.02014556040756914
383,2022,2,31,79248,53563,25685,51525,DVG,1858,0.6758908742176458,0.3241091257823541,0.036060164968461914
384,2022,2,31,79248,53563,25685,51525,DVD,4346,0.6758908742176458,0.3241091257823541,0.08434740417273168
385,2022,2,31,79248,53563,25685,51525,DIV,1503,0.6758908742176458,0.3241091257823541,0.029170305676855895
386,2022,2,32,76325,60429,15896,59389,REN,14820,0.7917327219128726,0.20826727808712742,0.24954116082102745
387,2022,2,32,76325,60429,15896,59389,RN,16050,0.7917327219128726,0.20826727808712742,0.27025206688107223
388,2022,2,32,76325,60429,15896,59389,LFI,5462,0.7917327219128726,0.20826727808712742,0.0919698934146054
389,2022,2,32,76325,60429,15896,59389,LR,7321,0.7917327219128726,0.20826727808712742,0.12327198639478691
390,2022,2,32,76325,60429,15896,59389,PS,2546,0.7917327219128726,0.20826727808712742,0.0428698917307919
391,2022,2,32,76325,60429,15896,59389,EELV,5477,0.7917327219128726,0.20826727808712742,0.0922224654397279
392,2022,2,32,76325,60429,15896,59389,PCF,4259,0.7917327219128726,0.20826727808712742,0.0717136169997811
393,2022,2,32,76325,60429,15896,59389,DVG,3454,0.7917327219128726,0.20826727808712742,0.058158918318207076
394,2022,2,46,128656,99426,29230,95713,REN,17830,0.7728049993781868,0.22719500062181322,0.18628608443994024
395,2022,2,46,128656,99426,29230,95713,RN,26873,0.7728049993781868,0.22719500062181322,0.28076645805689926
396,2022,2,46,128656,99426,29230,95713,LFI,13396,0.7728049993781868,0.22719500062181322,0.13996008901612111
397,2022,2,46,128656,99426,29230,95713,LR,14798,0.7728049993781868,0.22719500062181322,0.15460804697376532
398,2022,2,46,128656,99426,29230,95713,PS,2885,0.7728049993781868,0.22719500062181322,0.030142195939945462
399,2022,2,46,128656,99426,29230,95713,EELV,7430,0.7728049993781868,0.22719500062181322,0.07762790843459091
400,2022,2,46,128656,99426,29230,95713,PCF,2187,0.7728049993781868,0.22719500062181322,0.022849560665740287
401,2022,2,46,128656,99426,29230,95713,DVG,3063,0.7728049993781868,0.22719500062181322,0.03200192241388317
402,2022,2,46,128656,99426,29230,95713,DVD,2828,0.7728049993781868,0.22719500062181322,0.029546665552223836
403,2022,2,46,128656,99426,29230,95713,DIV,4423,0.7728049993781868,0.22719500062181322,0.04621106850689039
404,2022,2,65,94537,68886,25651,67368,REN,14625,0.7286670827295133,0.2713329172704867,0.21709120057000356
405,2022,2,65,94537,68886,25651,67368,RN,14271,0.7286670827295133,0.2713329172704867,0.21183648022800142
406,2022,2,65,94537,68886,25651,67368,LFI,8080,0.7286670827295133,0.2713329172704867,0.11993824961406009
407,2022,2,65,94537,68886,25651,67368,LR,6244,0.7286670827295133,0.2713329172704867,0.09268495428096425
408,2022,2,65,94537,68886,25651,67368,PS,3422,0.7286670827295133,0.2713329172704867,0.05079562997268733
409,2022,2,65,94537,68886,25651,67368,EELV,3866,0.7286670827295133,0.2713329172704867,0.05738629616435103
410,2022,2,65,94537,68886,25651,67368,PCF,6704,0.7286670827295133,0.2713329172704867,0.09951312195701223
411,2022,2,65,94537,68886,25651,67368,DVG,5142,0.7286670827295133,0.2713329172704867,0.07632703954399715
412,2022,2,65,94537,68886,25651,67368,DVD,3834,0.7286670827295133,0.2713329172704867,0.056911293195582476
413,2022,2,65,94537,68886,25651,67368,DIV,1180,0.7286670827295133,0.2713329172704867,0.01751573447334046
414,2022,2,81,195373,159917,35456,154123,REN,35603,0.8185214947817764,0.1814785052182236,0.2310038086463409
415,2022,2,81,195373,159917,35456,154123,RN,45157,0.8185214947817764,0.1814785052182236,0.2929932586310933
416,2022,2,81,195373,159917,35456,154123,LFI,14526,0.8185214947817764,0.1814785052182236,0.09424939820792484
417,2022,2,81,195373,159917,35456,154123,LR,24602,0.8185214947817764,0.1814785052182236,0.15962575345665475
418,2022,2,81,195373,159917,35456,154123,PS,10135,0.8185214947817764,0.1814785052182236,0.06575916638009902
419,2022,2,81,195373,159917,35456,154123,EELV,8381,0.8185214947817764,0.1814785052182236,0.05437864562719386
420,2022,2,81,195373,159917,35456,154123,PCF,10949,0.8185214947817764,0.1814785052182236,0.0710406623281405
421,2022,2,81,195373,159917,35456,154123,DVG,4770,0.8185214947817764,0.1814785052182236,0.030949306722552767
422,2022,2,82,87787,67212,20575,65787,REN,19120,0.7656258899381457,0.23437411006185427,0.29063492787328804
423,2022,2,82,87787,67212,20575,65787,RN,12840,0.7656258899381457,0.23437411006185427,0.1951753385927311
424,2022,2,82,87787,67212,20575,65787,LFI,8468,0.7656258899381457,0.23437411006185427,0.12871843981333697
425,2022,2,82,87787,67212,20575,65787,LR,10903,0.7656258899381457,0.23437411006185427,0.16573183151686505
426,2022,2,82,87787,67212,20575,65787,PS,4267,0.7656258899381457,0.23437411006185427,0.06486083876753766
427,2022,2,82,87787,67212,20575,65787,EELV,5871,0.7656258899381457,0.23437411006185427,0.08924255552008756
428,2022,2,82,87787,67212,20575,65787,PCF,4237,0.7656258899381457,0.23437411006185427,0.06440482162129296
429,2022,2,82,87787,67212,20575,65787,DVG,81,0.7656258899381457,0.23437411006185427,0.0012312462948606867
430,2022,2,11,78406,66425,11981,65037,REN,17003,0.8471928168762595,0.15280718312374053,0.26143579808416745
431,2022,2,11,78406,66425,11981,65037,RN,11567,0.8471928168762595,0.15280718312374053,0.1778526069775666
432,2022,2,11,78406,66425,11981,65037,LFI,11623,0.8471928168762595,0.15280718312374053,0.17871365530390393
433,2022,2,11,78406,66425,11981,65037,LR,11281,0.8471928168762595,0.15280718312374053,0.17345511016805817
434,2022,2,11,78406,66425,11981,65037,PS,1779,0.8471928168762595,0.15280718312374053,0.027353660224180083
435,2022,2,11,78406,66425,11981,65037,EELV,1511,0.8471928168762595,0.15280718312374053,0.023232928948137214
436,2022,2,11,78406,66425,11981,65037,PCF,4087,0.8471928168762595,0.15280718312374053,0.06284115195965373
437,2022,2,11,78406,66425,11981,65037,DVG,4829,0.8471928168762595,0.15280718312374053,0.07425004228362317
438,2022,2,11,78406,66425,11981,65037,DVD,1357,0.8471928168762595,0.15280718312374053,0.020865046050709594
439,2022,2,30,187581,135538,52043,132728,REN,33978,0.7225571886278461,0.2774428113721539,0.2559972274124525
440,2022,2,30,187581,135538,52043,132728,RN,37184,0.7225571886278461,0.2774428113721539,0.28015188957868725
441,2022,2,30,187581,135538,52043,132728,LFI,26072,0.7225571886278461,0.2774428113721539,0.1964318003736966
442,2022,2,30,187581,135538,52043,132728,LR,14419,0.7225571886278461,0.2774428113721539,0.10863570610571997
443,2022,2,30,187581,135538,52043,132728,PS,4700,0.7225571886278461,0.2774428113721539,0.03541076487252125
444,2022,2,30,187581,135538,52043,132728,EELV,7236,0.7225571886278461,0.2774428113721539,0.054517509493098665
445,2022,2,30,187581,135538,52043,132728,PCF,4409,0.7225571886278461,0.2774428113721539,0.03321831113254174
446,2022,2,30,187581,135538,52043,132728,DVG,4730,0.7225571886278461,0.2774428113721539,0.03563679103128202
447,2022,2,34,151705,120002,31703,116827,REN,22129,0.7910220493721367,0.20897795062786328,0.18941683001360987
448,2022,2,34,151705,120002,31703,116827,RN,34885,0.7910220493721367,0.20897795062786328,0.2986039186147038
449,2022,2,34,151705,120002,31703,116827,LFI,13666,0.7910220493721367,0.20897795062786328,0.11697638388386246
450,2022,2,34,151705,120002,31703,116827,LR,15996,0.7910220493721367,0.20897795062786328,0.13692040367380828
451,2022,2,34,151705,120002,31703,116827,PS,6205,0.7910220493721367,0.20897795062786328,0.05311272223030635
452,2022,2,34,151705,120002,31703,116827,EELV,7950,0.7910220493721367,0.20897795062786328,0.06804933790990096
453,2022,2,34,151705,120002,31703,116827,PCF,4306,0.7910220493721367,0.20897795062786328,0.03685791811824322
454,2022,2,34,151705,120002,31703,116827,DVG,11232,0.7910220493721367,0.20897795062786328,0.0961421589187431
455,2022,2,34,151705,120002,31703,116827,DVD,458,0.7910220493721367,0.20897795062786328,0.003920326636821968
456,2022,2,48,89405,68013,21392,66555,REN,19231,0.7607292657010234,0.23927073429897658,0.2889489895575088
457,2022,2,48,89405,68013,21392,66555,RN,13704,0.7607292657010234,0.23927073429897658,0.20590489069190895
458,2022,2,48,89405,68013,21392,66555,LFI,7650,0.7607292657010234,0.23927073429897658,0.11494252873563218
459,2022,2,48,89405,68013,21392,66555,LR,8754,0.7607292657010234,0.23927073429897658,0.1315303132747352
460,2022,2,48,89405,68013,21392,66555,PS,4742,0.7607292657010234,0.23927073429897658,0.07124934264893697
461,2022,2,48,89405,68013,21392,66555,EELV,5881,0.7607292657010234,0.23927073429897658,0.08836300803846443
462,2022,2,48,89405,68013,21392,66555,PCF,4893,0.7607292657010234,0.23927073429897658,0.07351814288933964
463,2022,2,48,89405,68013,21392,66555,DVG,1700,0.7607292657010234,0.23927073429897658,0.02554278416347382
464,2022,2,66,51353,35877,15476,35514,REN,8712,0.6986349385624988,0.3013650614375012,0.2453117080587937
465,2022,2,66,51353,35877,15476,35514,RN,5676,0.6986349385624988,0.3013650614375012,0.1598242946443656
466,2022,2,66,51353,35877,15476,35514,LFI,3660,0.6986349385624988,0.3013650614375012,0.10305794897786788
467,2022,2,66,51353,35877,15476,35514,LR,5874,0.6986349385624988,0.3013650614375012,0.1653995607366109
468,2022,2,66,51353,35877,15476,35514,PS,3207,0.6986349385624988,0.3013650614375012,0.09030241594863997
469,2022,2,66,51353,35877,15476,35514,EELV,3514,0.6986349385624988,0.3013650614375012,0.09894689418257589
470,2022,2,66,51353,35877,15476,35514,PCF,1057,0.6986349385624988,0.3013650614375012,0.02976291040153179
471,2022,2,66,51353,35877,15476,35514,DVG,958,0.6986349385624988,0.3013650614375012,0.026975277355409135
472,2022,2,66,51353,35877,15476,35514,DVD,2856,0.6986349385624988,0.3013650614375012,0.0804189896942051
