annee,tour,departement,nuance,voix,inscrits,votants,abstentions,exprimes,id
2022,1,11,DVC,87,280882,144821,136061,140970,1
2022,1,11,DIV,927,280882,144821,136061,140970,2
2022,1,11,LR,6207,280882,144821,136061,140970,3
2022,1,11,DVG,452,280882,144821,136061,140970,4
2022,1,11,ENS,30926,280882,144821,136061,140970,5
2022,1,11,UDI,1573,280882,144821,136061,140970,6
2022,1,11,ECO,5613,280882,144821,136061,140970,7
2022,1,11,DSV,1819,280882,144821,136061,140970,8
2022,1,11,NUP,35371,280882,144821,136061,140970,9
2022,1,11,RN,42075,280882,144821,136061,140970,10
2022,1,11,REC,6587,280882,144821,136061,140970,11
2022,1,11,DXG,1647,280882,144821,136061,140970,12
2022,1,11,RDG,7686,280882,144821,136061,140970,13
2022,1,12,RDG,3835,219802,121582,98220,118066,14
2022,1,12,DXG,1054,219802,121582,98220,118066,15
2022,1,12,RN,16273,219802,121582,98220,118066,16
2022,1,12,NUP,29951,219802,121582,98220,118066,17
2022,1,12,DVD,5614,219802,121582,98220,118066,18
2022,1,12,ECO,2113,219802,121582,98220,118066,19
2022,1,12,LR,18161,219802,121582,98220,118066,20
2022,1,12,REC,3917,219802,121582,98220,118066,21
2022,1,12,ENS,35890,219802,121582,98220,118066,22
2022,1,12,DSV,1240,219802,121582,98220,118066,23
2022,1,12,DVG,18,219802,121582,98220,118066,24
2022,1,30,DIV,1358,557285,262523,294762,257109,25
2022,1,30,RN,75025,557285,262523,294762,257109,26
2022,1,30,REC,14296,557285,262523,294762,257109,27
2022,1,30,UDI,1400,557285,262523,294762,257109,28
2022,1,30,LR,16287,557285,262523,294762,257109,29
2022,1,30,REG,2598,557285,262523,294762,257109,30
2022,1,30,DSV,2365,557285,262523,294762,257109,31
2022,1,30,ECO,8270,557285,262523,294762,257109,32
2022,1,30,DVC,1344,557285,262523,294762,257109,33
2022,1,30,DVG,1109,557285,262523,294762,257109,34
2022,1,30,DVD,2579,557285,262523,294762,257109,35
2022,1,30,ENS,60667,557285,262523,294762,257109,36
2022,1,30,NUP,65610,557285,262523,294762,257109,37
2022,1,30,DXG,2675,557285,262523,294762,257109,38
2022,1,30,RDG,1526,557285,262523,294762,257109,39
2022,1,31,DXG,3964,937729,501478,436251,491361,40
2022,1,31,LR,26476,937729,501478,436251,491361,41
2022,1,31,DVC,2013,937729,501478,436251,491361,42
2022,1,31,RN,78380,937729,501478,436251,491361,43
2022,1,31,DIV,2269,937729,501478,436251,491361,44
2022,1,31,DSV,3479,937729,501478,436251,491361,45
2022,1,31,ENS,133853,937729,501478,436251,491361,46
2022,1,31,REG,4289,937729,501478,436251,491361,47
2022,1,31,REC,20930,937729,501478,436251,491361,48
2022,1,31,DVD,7211,937729,501478,436251,491361,49
2022,1,31,RDG,6448,937729,501478,436251,491361,50
2022,1,31,ECO,13903,937729,501478,436251,491361,51
2022,1,31,NUP,153424,937729,501478,436251,491361,52
2022,1,31,DVG,34722,937729,501478,436251,491361,53
2022,1,32,NUP,17343,147656,83383,64273,80819,54
2022,1,32,DSV,1269,147656,83383,64273,80819,55
2022,1,32,ECO,1854,147656,83383,64273,80819,56
2022,1,32,REG,848,147656,83383,64273,80819,57
2022,1,32,LR,4874,147656,83383,64273,80819,58
2022,1,32,DVG,9816,147656,83383,64273,80819,59
2022,1,32,ENS,20537,147656,83383,64273,80819,60
2022,1,32,RN,15178,147656,83383,64273,80819,61
2022,1,32,REC,3801,147656,83383,64273,80819,62
2022,1,32,RDG,4060,147656,83383,64273,80819,63
2022,1,32,DIV,585,147656,83383,64273,80819,64
2022,1,32,DXG,654,147656,83383,64273,80819,65
2022,1,34,DXG,2184,852554,409074,443480,401493,66
2022,1,34,DIV,479,852554,409074,443480,401493,67
2022,1,34,DVG,16967,852554,409074,443480,401493,68
2022,1,34,ENS,87052,852554,409074,443480,401493,69
2022,1,34,NUP,105721,852554,409074,443480,401493,70
2022,1,34,DVC,2445,852554,409074,443480,401493,71
2022,1,34,RN,83235,852554,409074,443480,401493,72
2022,1,34,DVD,31658,852554,409074,443480,401493,73
2022,1,34,REC,22454,852554,409074,443480,401493,74
2022,1,34,DSV,4185,852554,409074,443480,401493,75
2022,1,34,LR,10206,852554,409074,443480,401493,76
2022,1,34,ECO,13774,852554,409074,443480,401493,77
2022,1,34,RDG,18748,852554,409074,443480,401493,78
2022,1,34,REG,185,852554,409074,443480,401493,79
2022,1,34,UDI,2200,852554,409074,443480,401493,80
2022,1,46,DVD,228,139528,82866,56662,80981,81
2022,1,46,DVG,17098,139528,82866,56662,80981,82
2022,1,46,REC,2329,139528,82866,56662,80981,83
2022,1,46,RN,8579,139528,82866,56662,80981,84
2022,1,46,DVC,692,139528,82866,56662,80981,85
2022,1,46,ECO,342,139528,82866,56662,80981,86
2022,1,46,NUP,18590,139528,82866,56662,80981,87
2022,1,46,LR,22471,139528,82866,56662,80981,88
2022,1,46,ENS,9103,139528,82866,56662,80981,89
2022,1,46,DIV,957,139528,82866,56662,80981,90
2022,1,46,DXG,592,139528,82866,56662,80981,91
2022,1,48,DXG,267,59915,34973,24942,33990,92
2022,1,48,ENS,5996,59915,34973,24942,33990,93
2022,1,48,RN,3704,59915,34973,24942,33990,94
2022,1,48,DVD,4663,59915,34973,24942,33990,95
2022,1,48,UDI,6371,59915,34973,24942,33990,96
2022,1,48,REC,1137,59915,34973,24942,33990,97
2022,1,48,DIV,2876,59915,34973,24942,33990,98
2022,1,48,ECO,339,59915,34973,24942,33990,99
2022,1,48,NUP,8637,59915,34973,24942,33990,100
2022,1,65,NUP,22044,177792,94825,82967,92511,101
2022,1,65,ECO,1941,177792,94825,82967,92511,102
2022,1,65,DIV,3742,177792,94825,82967,92511,103
2022,1,65,DSV,547,177792,94825,82967,92511,104
2022,1,65,ENS,21899,177792,94825,82967,92511,105
2022,1,65,REC,3351,177792,94825,82967,92511,106
2022,1,65,REG,465,177792,94825,82967,92511,107
2022,1,65,DVG,10213,177792,94825,82967,92511,108
2022,1,65,LR,5098,177792,94825,82967,92511,109
2022,1,65,RDG,6555,177792,94825,82967,92511,110
2022,1,65,RN,15879,177792,94825,82967,92511,111
2022,1,65,DXG,777,177792,94825,82967,92511,112
2022,1,66,DXG,2086,363338,174107,189231,169916,113
2022,1,66,RN,54276,363338,174107,189231,169916,114
2022,1,66,NUP,38645,363338,174107,189231,169916,115
2022,1,66,REC,9221,363338,174107,189231,169916,116
2022,1,66,LR,10736,363338,174107,189231,169916,117
2022,1,66,ECO,1830,363338,174107,189231,169916,118
2022,1,66,DVD,616,363338,174107,189231,169916,119
2022,1,66,ENS,38352,363338,174107,189231,169916,120
2022,1,66,REG,4554,363338,174107,189231,169916,121
2022,1,66,DVG,4727,363338,174107,189231,169916,122
2022,1,66,DSV,2438,363338,174107,189231,169916,123
2022,1,66,DIV,2435,363338,174107,189231,169916,124
2022,1,81,DVG,6341,299152,162556,136596,158039,125
2022,1,81,RN,35041,299152,162556,136596,158039,126
2022,1,81,REC,6083,299152,162556,136596,158039,127
2022,1,81,ENS,37368,299152,162556,136596,158039,128
2022,1,81,RDG,4436,299152,162556,136596,158039,129
2022,1,81,ECO,3427,299152,162556,136596,158039,130
2022,1,81,REG,4017,299152,162556,136596,158039,131
2022,1,81,DSV,1495,299152,162556,136596,158039,132
2022,1,81,LR,10852,299152,162556,136596,158039,133
2022,1,81,DIV,11,299152,162556,136596,158039,134
2022,1,81,NUP,39237,299152,162556,136596,158039,135
2022,1,81,DVD,8391,299152,162556,136596,158039,136
2022,1,81,DXG,1340,299152,162556,136596,158039,137
2022,1,82,DXG,1284,189336,98785,90551,96277,138
2022,1,82,REG,249,189336,98785,90551,96277,139
2022,1,82,ENS,18279,189336,98785,90551,96277,140
2022,1,82,DVG,3774,189336,98785,90551,96277,141
2022,1,82,NUP,25035,189336,98785,90551,96277,142
2022,1,82,DSV,564,189336,98785,90551,96277,143
2022,1,82,RN,25797,189336,98785,90551,96277,144
2022,1,82,LR,4378,189336,98785,90551,96277,145
2022,1,82,RDG,9892,189336,98785,90551,96277,146
2022,1,82,DIV,2367,189336,98785,90551,96277,147
2022,1,82,REC,4658,189336,98785,90551,96277,148
2022,2,11,RN,67358,280915,143682,137233,126709,149
2022,2,11,NUP,40627,280915,143682,137233,126709,150
2022,2,11,ENS,18724,280915,143682,137233,126709,151
2022,2,12,ENS,58648,219811,116777,103034,105347,152
2022,2,12,NUP,46699,219811,116777,103034,105347,153
2022,2,30,ENS,70923,557322,258820,298502,232511,154
2022,2,30,NUP,57127,557322,258820,298502,232511,155
2022,2,30,RN,104461,557322,258820,298502,232511,156
2022,2,31,DVG,24191,937879,482878,455001,445926,157
2022,2,31,RN,15867,937879,482878,455001,445926,158
2022,2,31,NUP,209473,937879,482878,455001,445926,159
2022,2,31,ENS,196395,937879,482878,455001,445926,160
2022,2,32,NUP,17025,147657,79232,68425,71102,161
2022,2,32,ENS,31874,147657,79232,68425,71102,162
2022,2,32,DVG,22203,147657,79232,68425,71102,163
2022,2,34,DVD,26255,852590,402048,450542,360644,164
2022,2,34,ENS,71612,852590,402048,450542,360644,165
2022,2,34,RN,95715,852590,402048,450542,360644,166
2022,2,34,NUP,167062,852590,402048,450542,360644,167
2022,2,46,LR,25615,139533,81362,58171,76959,168
2022,2,46,ENS,12744,139533,81362,58171,76959,169
2022,2,46,NUP,26634,139533,81362,58171,76959,170
2022,2,46,DVG,11966,139533,81362,58171,76959,171
2022,2,48,NUP,14620,59909,35481,24428,31975,172
2022,2,48,UDI,17355,59909,35481,24428,31975,173
2022,2,65,ENS,41625,177801,91738,86063,81519,174
2022,2,65,NUP,39894,177801,91738,86063,81519,175
2022,2,66,RN,86172,363348,169150,194198,151925,176
2022,2,66,NUP,16368,363348,169150,194198,151925,177
2022,2,66,ENS,49385,363348,169150,194198,151925,178
2022,2,81,NUP,61511,299176,160132,139044,143847,179
2022,2,81,RN,35689,299176,160132,139044,143847,180
2022,2,81,ENS,46647,299176,160132,139044,143847,181
2022,2,82,NUP,25327,189348,95518,93830,86510,182
2022,2,82,RN,41799,189348,95518,93830,86510,183
2022,2,82,ENS,19384,189348,95518,93830,86510,184
2017,1,11,SOC,20084,272660,145041,127619,140706,185
2017,1,11,FN,28744,272660,145041,127619,140706,186
2017,1,11,UDI,599,272660,145041,127619,140706,187
2017,1,11,EXD,636,272660,145041,127619,140706,188
2017,1,11,DVG,3218,272660,145041,127619,140706,189
2017,1,11,DLF,1468,272660,145041,127619,140706,190
2017,1,11,FI,19393,272660,145041,127619,140706,191
2017,1,11,REM,39438,272660,145041,127619,140706,192
2017,1,11,LR,16751,272660,145041,127619,140706,193
2017,1,11,DVD,320,272660,145041,127619,140706,194
2017,1,11,COM,2758,272660,145041,127619,140706,195
2017,1,11,ECO,4287,272660,145041,127619,140706,196
2017,1,11,DIV,2082,272660,145041,127619,140706,197
2017,1,12,DVG,1062,218012,127268,90744,123990,198
2017,1,12,DIV,623,218012,127268,90744,123990,199
2017,1,12,SOC,8136,218012,127268,90744,123990,200
2017,1,12,LR,32558,218012,127268,90744,123990,201
2017,1,12,REM,48647,218012,127268,90744,123990,202
2017,1,12,FI,16358,218012,127268,90744,123990,203
2017,1,12,DLF,465,218012,127268,90744,123990,204
2017,1,12,ECO,3551,218012,127268,90744,123990,205
2017,1,12,FN,9920,218012,127268,90744,123990,206
2017,1,12,COM,1923,218012,127268,90744,123990,207
2017,1,30,REM,64059,537625,258712,278913,252520,208
2017,1,30,DLF,3106,537625,258712,278913,252520,209
2017,1,30,ECO,14184,537625,258712,278913,252520,210
2017,1,30,FI,30978,537625,258712,278913,252520,211
2017,1,30,LR,26329,537625,258712,278913,252520,212
2017,1,30,UDI,5462,537625,258712,278913,252520,213
2017,1,30,DVD,1784,537625,258712,278913,252520,214
2017,1,30,DVG,4896,537625,258712,278913,252520,215
2017,1,30,COM,11681,537625,258712,278913,252520,216
2017,1,30,MDM,13943,537625,258712,278913,252520,217
2017,1,30,EXD,284,537625,258712,278913,252520,218
2017,1,30,SOC,9954,537625,258712,278913,252520,219
2017,1,30,DIV,2981,537625,258712,278913,252520,220
2017,1,30,FN,60876,537625,258712,278913,252520,221
2017,1,31,SOC,55270,899755,472812,426943,463610,222
2017,1,31,REM,153822,899755,472812,426943,463610,223
2017,1,31,MDM,19234,899755,472812,426943,463610,224
2017,1,31,DVG,1259,899755,472812,426943,463610,225
2017,1,31,REG,345,899755,472812,426943,463610,226
2017,1,31,LR,44953,899755,472812,426943,463610,227
2017,1,31,DIV,10577,899755,472812,426943,463610,228
2017,1,31,DLF,2570,899755,472812,426943,463610,229
2017,1,31,COM,9206,899755,472812,426943,463610,230
2017,1,31,FN,51760,899755,472812,426943,463610,231
2017,1,31,DVD,453,899755,472812,426943,463610,232
2017,1,31,FI,72738,899755,472812,426943,463610,233
2017,1,31,EXD,826,899755,472812,426943,463610,234
2017,1,31,ECO,24580,899755,472812,426943,463610,235
2017,1,31,UDI,13287,899755,472812,426943,463610,236
2017,1,32,DVD,4702,145005,83384,61621,81018,237
2017,1,32,SOC,14133,145005,83384,61621,81018,238
2017,1,32,COM,1786,145005,83384,61621,81018,239
2017,1,32,DIV,2371,145005,83384,61621,81018,240
2017,1,32,UDI,6437,145005,83384,61621,81018,241
2017,1,32,DLF,425,145005,83384,61621,81018,242
2017,1,32,DVG,2259,145005,83384,61621,81018,243
2017,1,32,REM,23333,145005,83384,61621,81018,244
2017,1,32,FN,9247,145005,83384,61621,81018,245
2017,1,32,ECO,2814,145005,83384,61621,81018,246
2017,1,32,FI,9016,145005,83384,61621,81018,247
2017,1,32,LR,3998,145005,83384,61621,81018,248
2017,1,34,DVG,6916,800476,387288,413188,378035,249
2017,1,34,ECO,14155,800476,387288,413188,378035,250
2017,1,34,RDG,159,800476,387288,413188,378035,251
2017,1,34,DIV,6838,800476,387288,413188,378035,252
2017,1,34,FN,77024,800476,387288,413188,378035,253
2017,1,34,FI,56990,800476,387288,413188,378035,254
2017,1,34,DLF,3143,800476,387288,413188,378035,255
2017,1,34,LR,41368,800476,387288,413188,378035,256
2017,1,34,DVD,8147,800476,387288,413188,378035,257
2017,1,34,SOC,29597,800476,387288,413188,378035,258
2017,1,34,EXD,1476,800476,387288,413188,378035,259
2017,1,34,COM,8194,800476,387288,413188,378035,260
2017,1,34,REM,117488,800476,387288,413188,378035,261
2017,1,34,UDI,3836,800476,387288,413188,378035,262
2017,1,46,FI,11571,136169,79534,56635,77574,263
2017,1,46,DLF,447,136169,79534,56635,77574,264
2017,1,46,SOC,7116,136169,79534,56635,77574,265
2017,1,46,COM,1914,136169,79534,56635,77574,266
2017,1,46,RDG,4930,136169,79534,56635,77574,267
2017,1,46,FN,6785,136169,79534,56635,77574,268
2017,1,46,ECO,3923,136169,79534,56635,77574,269
2017,1,46,UDI,3630,136169,79534,56635,77574,270
2017,1,46,LR,11254,136169,79534,56635,77574,271
2017,1,46,DIV,831,136169,79534,56635,77574,272
2017,1,46,REM,24758,136169,79534,56635,77574,273
2017,1,48,FI,3335,59443,35304,24139,34296,274
2017,1,48,EXD,208,59443,35304,24139,34296,275
2017,1,48,SOC,4495,59443,35304,24139,34296,276
2017,1,48,DVD,2291,59443,35304,24139,34296,277
2017,1,48,DLF,383,59443,35304,24139,34296,278
2017,1,48,FN,2369,59443,35304,24139,34296,279
2017,1,48,REM,7427,59443,35304,24139,34296,280
2017,1,48,DIV,727,59443,35304,24139,34296,281
2017,1,48,COM,2294,59443,35304,24139,34296,282
2017,1,48,LR,10600,59443,35304,24139,34296,283
2017,1,65,DVG,284,177666,93938,83728,91108,284
2017,1,65,FI,13362,177666,93938,83728,91108,285
2017,1,65,ECO,3072,177666,93938,83728,91108,286
2017,1,65,DLF,1271,177666,93938,83728,91108,287
2017,1,65,FN,9991,177666,93938,83728,91108,288
2017,1,65,COM,4108,177666,93938,83728,91108,289
2017,1,65,DIV,1948,177666,93938,83728,91108,290
2017,1,65,LR,6523,177666,93938,83728,91108,291
2017,1,65,DVD,1370,177666,93938,83728,91108,292
2017,1,65,RDG,7615,177666,93938,83728,91108,293
2017,1,65,REM,34250,177666,93938,83728,91108,294
2017,1,65,SOC,6583,177666,93938,83728,91108,295
2017,1,66,LR,25024,347761,170830,176931,166299,296
2017,1,66,REM,33214,347761,170830,176931,166299,297
2017,1,66,DLF,1742,347761,170830,176931,166299,298
2017,1,66,DVG,1941,347761,170830,176931,166299,299
2017,1,66,DIV,4076,347761,170830,176931,166299,300
2017,1,66,DVD,174,347761,170830,176931,166299,301
2017,1,66,FN,38058,347761,170830,176931,166299,302
2017,1,66,COM,7684,347761,170830,176931,166299,303
2017,1,66,SOC,11986,347761,170830,176931,166299,304
2017,1,66,FI,19230,347761,170830,176931,166299,305
2017,1,66,REG,5900,347761,170830,176931,166299,306
2017,1,66,ECO,2580,347761,170830,176931,166299,307
2017,1,66,MDM,13456,347761,170830,176931,166299,308
2017,1,81,ECO,7725,291216,160117,131099,155282,309
2017,1,81,DLF,2630,291216,160117,131099,155282,310
2017,1,81,DIV,7956,291216,160117,131099,155282,311
2017,1,81,LR,20588,291216,160117,131099,155282,312
2017,1,81,DVD,14404,291216,160117,131099,155282,313
2017,1,81,COM,3660,291216,160117,131099,155282,314
2017,1,81,FN,24677,291216,160117,131099,155282,315
2017,1,81,SOC,16170,291216,160117,131099,155282,316
2017,1,81,FI,19391,291216,160117,131099,155282,317
2017,1,81,REM,37105,291216,160117,131099,155282,318
2017,1,82,FI,11630,183319,96250,87069,93010,319
2017,1,82,RDG,12450,183319,96250,87069,93010,320
2017,1,82,ECO,3619,183319,96250,87069,93010,321
2017,1,82,LR,16059,183319,96250,87069,93010,322
2017,1,82,REM,13801,183319,96250,87069,93010,323
2017,1,82,DVG,2742,183319,96250,87069,93010,324
2017,1,82,DIV,1056,183319,96250,87069,93010,325
2017,1,82,DVD,511,183319,96250,87069,93010,326
2017,1,82,DLF,673,183319,96250,87069,93010,327
2017,1,82,SOC,8891,183319,96250,87069,93010,328
2017,1,82,FN,17970,183319,96250,87069,93010,329
2017,1,82,COM,2141,183319,96250,87069,93010,330
2017,1,82,EXD,875,183319,96250,87069,93010,331
2017,2,11,SOC,17318,272669,127395,145274,109490,332
2017,2,11,FN,30049,272669,127395,145274,109490,333
2017,2,12,LR,32697,217966,101841,116125,86376,334
2017,2,30,MDM,19711,537624,233597,304027,209133,335
2017,2,30,FN,88975,537624,233597,304027,209133,336
2017,2,31,FN,25076,899708,408514,491194,364006,337
2017,2,31,LR,14429,899708,408514,491194,364006,338
2017,2,31,MDM,22581,899708,408514,491194,364006,339
2017,2,31,SOC,17270,899708,408514,491194,364006,340
2017,2,31,FI,99305,899708,408514,491194,364006,341
2017,2,32,SOC,29131,145005,73500,71505,63265,342
2017,2,34,FN,100593,800447,336685,463762,299808,343
2017,2,34,FI,24037,800447,336685,463762,299808,344
2017,2,46,LR,16358,136150,71258,64892,61892,345
2017,2,46,SOC,14033,136150,71258,64892,61892,346
2017,2,48,REM,12601,59436,32914,26522,29041,347
2017,2,65,FI,16102,177651,84014,93637,74820,348
2017,2,65,RDG,18230,177651,84014,93637,74820,349
2017,2,66,REM,55414,347747,152458,195289,135709,350
2017,2,66,MDM,20025,347747,152458,195289,135709,351
2017,2,81,FN,25201,291206,141600,149606,123089,352
2017,2,81,LR,21031,291206,141600,149606,123089,353
2017,2,81,DVD,24959,291206,141600,149606,123089,354
2017,2,82,SOC,20053,183298,86146,97152,75074,355
2017,2,82,FN,17230,183298,86146,97152,75074,356
2017,2,82,REM,16393,183298,86146,97152,75074,357
2012,2,11,RDG,0,264082,160673,103409,151195,358
2012,2,11,PRV,0,264082,160673,103409,151195,359
2012,2,11,ECO,0,264082,160673,103409,151195,360
2012,2,11,REG,0,264082,160673,103409,151195,361
2012,2,11,ALLI,0,264082,160673,103409,151195,362
2012,2,11,VEC,0,264082,160673,103409,151195,363
2012,2,11,DVG,0,264082,160673,103409,151195,364
2012,2,11,SOC,91292,264082,160673,103409,151195,365
2012,2,11,FG,0,264082,160673,103409,151195,366
2012,2,11,AUT,0,264082,160673,103409,151195,367
2012,2,11,FN,20809,264082,160673,103409,151195,368
2012,2,11,NCE,0,264082,160673,103409,151195,369
2012,2,11,CEN,0,264082,160673,103409,151195,370
2012,2,11,EXD,0,264082,160673,103409,151195,371
2012,2,11,UMP,39094,264082,160673,103409,151195,372
2012,2,11,DVD,0,264082,160673,103409,151195,373
2012,2,12,UMP,65071,217930,142397,75533,137507,374
2012,2,12,SOC,51134,217930,142397,75533,137507,375
2012,2,12,NCE,0,217930,142397,75533,137507,376
2012,2,12,DVD,0,217930,142397,75533,137507,377
2012,2,12,RDG,0,217930,142397,75533,137507,378
2012,2,12,FN,0,217930,142397,75533,137507,379
2012,2,12,VEC,21302,217930,142397,75533,137507,380
2012,2,12,DVG,0,217930,142397,75533,137507,381
2012,2,12,FG,0,217930,142397,75533,137507,382
2012,2,12,REG,0,217930,142397,75533,137507,383
2012,2,12,EXD,0,217930,142397,75533,137507,384
2012,2,12,ALLI,0,217930,142397,75533,137507,385
2012,2,12,ECO,0,217930,142397,75533,137507,386
2012,2,12,CEN,0,217930,142397,75533,137507,387
2012,2,12,PRV,0,217930,142397,75533,137507,388
2012,2,12,AUT,0,217930,142397,75533,137507,389
2012,2,30,ECO,0,513383,318552,194831,309825,390
2012,2,30,RDG,0,513383,318552,194831,309825,391
2012,2,30,PRV,0,513383,318552,194831,309825,392
2012,2,30,AUT,0,513383,318552,194831,309825,393
2012,2,30,REG,0,513383,318552,194831,309825,394
2012,2,30,DVG,0,513383,318552,194831,309825,395
2012,2,30,CEN,0,513383,318552,194831,309825,396
2012,2,30,VEC,19444,513383,318552,194831,309825,397
2012,2,30,FG,0,513383,318552,194831,309825,398
2012,2,30,NCE,16923,513383,318552,194831,309825,399
2012,2,30,SOC,126378,513383,318552,194831,309825,400
2012,2,30,DVD,0,513383,318552,194831,309825,401
2012,2,30,EXD,0,513383,318552,194831,309825,402
2012,2,30,FN,78169,513383,318552,194831,309825,403
2012,2,30,ALLI,0,513383,318552,194831,309825,404
2012,2,30,UMP,68911,513383,318552,194831,309825,405
2012,2,31,PRV,22580,761051,426995,334056,410843,406
2012,2,31,FG,0,761051,426995,334056,410843,407
2012,2,31,ECO,0,761051,426995,334056,410843,408
2012,2,31,VEC,21300,761051,426995,334056,410843,409
2012,2,31,DVD,0,761051,426995,334056,410843,410
2012,2,31,ALLI,0,761051,426995,334056,410843,411
2012,2,31,UMP,133842,761051,426995,334056,410843,412
2012,2,31,NCE,0,761051,426995,334056,410843,413
2012,2,31,REG,0,761051,426995,334056,410843,414
2012,2,31,CEN,0,761051,426995,334056,410843,415
2012,2,31,FN,0,761051,426995,334056,410843,416
2012,2,31,RDG,0,761051,426995,334056,410843,417
2012,2,31,AUT,0,761051,426995,334056,410843,418
2012,2,31,SOC,233121,761051,426995,334056,410843,419
2012,2,31,DVG,0,761051,426995,334056,410843,420
2012,2,31,EXD,0,761051,426995,334056,410843,421
2012,2,32,CEN,0,70130,43949,26181,41997,422
2012,2,32,UMP,17060,70130,43949,26181,41997,423
2012,2,32,AUT,0,70130,43949,26181,41997,424
2012,2,32,EXD,0,70130,43949,26181,41997,425
2012,2,32,ECO,0,70130,43949,26181,41997,426
2012,2,32,DVD,0,70130,43949,26181,41997,427
2012,2,32,FN,0,70130,43949,26181,41997,428
2012,2,32,REG,0,70130,43949,26181,41997,429
2012,2,32,ALLI,0,70130,43949,26181,41997,430
2012,2,32,DVG,0,70130,43949,26181,41997,431
2012,2,32,PRV,0,70130,43949,26181,41997,432
2012,2,32,SOC,24937,70130,43949,26181,41997,433
2012,2,32,FG,0,70130,43949,26181,41997,434
2012,2,32,NCE,0,70130,43949,26181,41997,435
2012,2,32,VEC,0,70130,43949,26181,41997,436
2012,2,32,RDG,0,70130,43949,26181,41997,437
2012,2,34,AUT,0,747507,438231,309276,421236,438
2012,2,34,RDG,0,747507,438231,309276,421236,439
2012,2,34,SOC,197887,747507,438231,309276,421236,440
2012,2,34,PRV,9467,747507,438231,309276,421236,441
2012,2,34,FN,42288,747507,438231,309276,421236,442
2012,2,34,DVG,0,747507,438231,309276,421236,443
2012,2,34,DVD,0,747507,438231,309276,421236,444
2012,2,34,CEN,0,747507,438231,309276,421236,445
2012,2,34,NCE,0,747507,438231,309276,421236,446
2012,2,34,ALLI,0,747507,438231,309276,421236,447
2012,2,34,UMP,150240,747507,438231,309276,421236,448
2012,2,34,VEC,21354,747507,438231,309276,421236,449
2012,2,34,ECO,0,747507,438231,309276,421236,450
2012,2,34,FG,0,747507,438231,309276,421236,451
2012,2,34,REG,0,747507,438231,309276,421236,452
2012,2,34,EXD,0,747507,438231,309276,421236,453
2012,2,46,DVD,0,70187,45010,25177,43189,454
2012,2,46,PRV,0,70187,45010,25177,43189,455
2012,2,46,UMP,17342,70187,45010,25177,43189,456
2012,2,46,CEN,0,70187,45010,25177,43189,457
2012,2,46,VEC,0,70187,45010,25177,43189,458
2012,2,46,REG,0,70187,45010,25177,43189,459
2012,2,46,ALLI,0,70187,45010,25177,43189,460
2012,2,46,DVG,0,70187,45010,25177,43189,461
2012,2,46,FG,0,70187,45010,25177,43189,462
2012,2,46,EXD,0,70187,45010,25177,43189,463
2012,2,46,ECO,0,70187,45010,25177,43189,464
2012,2,46,FN,0,70187,45010,25177,43189,465
2012,2,46,AUT,0,70187,45010,25177,43189,466
2012,2,46,NCE,0,70187,45010,25177,43189,467
2012,2,46,RDG,25847,70187,45010,25177,43189,468
2012,2,46,SOC,0,70187,45010,25177,43189,469
2012,2,48,PRV,0,59904,41416,18488,39864,470
2012,2,48,DVG,0,59904,41416,18488,39864,471
2012,2,48,SOC,19726,59904,41416,18488,39864,472
2012,2,48,FG,0,59904,41416,18488,39864,473
2012,2,48,VEC,0,59904,41416,18488,39864,474
2012,2,48,FN,0,59904,41416,18488,39864,475
2012,2,48,AUT,0,59904,41416,18488,39864,476
2012,2,48,DVD,0,59904,41416,18488,39864,477
2012,2,48,ALLI,0,59904,41416,18488,39864,478
2012,2,48,EXD,0,59904,41416,18488,39864,479
2012,2,48,UMP,20138,59904,41416,18488,39864,480
2012,2,48,REG,0,59904,41416,18488,39864,481
2012,2,48,RDG,0,59904,41416,18488,39864,482
2012,2,48,CEN,0,59904,41416,18488,39864,483
2012,2,48,ECO,0,59904,41416,18488,39864,484
2012,2,48,NCE,0,59904,41416,18488,39864,485
2012,2,65,FN,0,177406,104554,72852,99987,486
2012,2,65,DVG,0,177406,104554,72852,99987,487
2012,2,65,ECO,0,177406,104554,72852,99987,488
2012,2,65,CEN,0,177406,104554,72852,99987,489
2012,2,65,UMP,17648,177406,104554,72852,99987,490
2012,2,65,REG,0,177406,104554,72852,99987,491
2012,2,65,SOC,33413,177406,104554,72852,99987,492
2012,2,65,FG,0,177406,104554,72852,99987,493
2012,2,65,VEC,0,177406,104554,72852,99987,494
2012,2,65,NCE,0,177406,104554,72852,99987,495
2012,2,65,DVD,0,177406,104554,72852,99987,496
2012,2,65,PRV,16523,177406,104554,72852,99987,497
2012,2,65,RDG,32403,177406,104554,72852,99987,498
2012,2,65,EXD,0,177406,104554,72852,99987,499
2012,2,65,AUT,0,177406,104554,72852,99987,500
2012,2,65,ALLI,0,177406,104554,72852,99987,501
2012,2,66,UMP,85840,329137,201098,128039,192846,502
2012,2,66,SOC,80657,329137,201098,128039,192846,503
2012,2,66,PRV,0,329137,201098,128039,192846,504
2012,2,66,ALLI,0,329137,201098,128039,192846,505
2012,2,66,FG,0,329137,201098,128039,192846,506
2012,2,66,DVD,0,329137,201098,128039,192846,507
2012,2,66,VEC,0,329137,201098,128039,192846,508
2012,2,66,RDG,0,329137,201098,128039,192846,509
2012,2,66,NCE,0,329137,201098,128039,192846,510
2012,2,66,REG,0,329137,201098,128039,192846,511
2012,2,66,ECO,0,329137,201098,128039,192846,512
2012,2,66,AUT,0,329137,201098,128039,192846,513
2012,2,66,DVG,17098,329137,201098,128039,192846,514
2012,2,66,CEN,0,329137,201098,128039,192846,515
2012,2,66,EXD,0,329137,201098,128039,192846,516
2012,2,66,FN,9251,329137,201098,128039,192846,517
2012,2,81,DVG,0,283718,178907,104811,169389,518
2012,2,81,DVD,0,283718,178907,104811,169389,519
2012,2,81,SOC,94208,283718,178907,104811,169389,520
2012,2,81,EXD,0,283718,178907,104811,169389,521
2012,2,81,AUT,0,283718,178907,104811,169389,522
2012,2,81,NCE,0,283718,178907,104811,169389,523
2012,2,81,PRV,0,283718,178907,104811,169389,524
2012,2,81,ECO,0,283718,178907,104811,169389,525
2012,2,81,CEN,0,283718,178907,104811,169389,526
2012,2,81,REG,0,283718,178907,104811,169389,527
2012,2,81,ALLI,25156,283718,178907,104811,169389,528
2012,2,81,UMP,30564,283718,178907,104811,169389,529
2012,2,81,RDG,0,283718,178907,104811,169389,530
2012,2,81,FN,19461,283718,178907,104811,169389,531
2012,2,81,VEC,0,283718,178907,104811,169389,532
2012,2,81,FG,0,283718,178907,104811,169389,533
2012,2,82,DVD,0,175401,110744,64657,104973,534
2012,2,82,PRV,0,175401,110744,64657,104973,535
2012,2,82,FG,0,175401,110744,64657,104973,536
2012,2,82,CEN,0,175401,110744,64657,104973,537
2012,2,82,UMP,24841,175401,110744,64657,104973,538
2012,2,82,NCE,0,175401,110744,64657,104973,539
2012,2,82,SOC,29270,175401,110744,64657,104973,540
2012,2,82,ALLI,0,175401,110744,64657,104973,541
2012,2,82,FN,20417,175401,110744,64657,104973,542
2012,2,82,RDG,30445,175401,110744,64657,104973,543
2012,2,82,REG,0,175401,110744,64657,104973,544
2012,2,82,VEC,0,175401,110744,64657,104973,545
2012,2,82,DVG,0,175401,110744,64657,104973,546
2012,2,82,EXD,0,175401,110744,64657,104973,547
2012,2,82,AUT,0,175401,110744,64657,104973,548
2012,2,82,ECO,0,175401,110744,64657,104973,549
2007,1,11,FN,8043,254820,167150,87670,163620,550
2007,1,11,UDFD,8134,254820,167150,87670,163620,551
2007,1,11,SOC,63741,254820,167150,87670,163620,552
2007,1,11,COM,6856,254820,167150,87670,163620,553
2007,1,11,EXD,1028,254820,167150,87670,163620,554
2007,1,11,CPNT,2405,254820,167150,87670,163620,555
2007,1,11,DIV,680,254820,167150,87670,163620,556
2007,1,11,RDG,0,254820,167150,87670,163620,557
2007,1,11,DVG,0,254820,167150,87670,163620,558
2007,1,11,DVD,1,254820,167150,87670,163620,559
2007,1,11,MPF,808,254820,167150,87670,163620,560
2007,1,11,MAJ,546,254820,167150,87670,163620,561
2007,1,11,UMP,60403,254820,167150,87670,163620,562
2007,1,11,VEC,3677,254820,167150,87670,163620,563
2007,1,11,ECO,1326,254820,167150,87670,163620,564
2007,1,11,REG,242,254820,167150,87670,163620,565
2007,1,12,DVG,2751,218424,148653,69771,144774,566
2007,1,12,CPNT,2440,218424,148653,69771,144774,567
2007,1,12,EXD,129,218424,148653,69771,144774,568
2007,1,12,RDG,4833,218424,148653,69771,144774,569
2007,1,12,MPF,0,218424,148653,69771,144774,570
2007,1,12,DIV,1111,218424,148653,69771,144774,571
2007,1,12,COM,3597,218424,148653,69771,144774,572
2007,1,12,VEC,2796,218424,148653,69771,144774,573
2007,1,12,ECO,1589,218424,148653,69771,144774,574
2007,1,12,FN,3217,218424,148653,69771,144774,575
2007,1,12,UDFD,12528,218424,148653,69771,144774,576
2007,1,12,MAJ,6535,218424,148653,69771,144774,577
2007,1,12,REG,431,218424,148653,69771,144774,578
2007,1,12,DVD,0,218424,148653,69771,144774,579
2007,1,12,UMP,60333,218424,148653,69771,144774,580
2007,1,12,SOC,37577,218424,148653,69771,144774,581
2007,1,30,RDG,0,490921,298759,192162,293321,582
2007,1,30,REG,951,490921,298759,192162,293321,583
2007,1,30,COM,29777,490921,298759,192162,293321,584
2007,1,30,VEC,4781,490921,298759,192162,293321,585
2007,1,30,ECO,3696,490921,298759,192162,293321,586
2007,1,30,SOC,61516,490921,298759,192162,293321,587
2007,1,30,CPNT,3535,490921,298759,192162,293321,588
2007,1,30,DVG,1289,490921,298759,192162,293321,589
2007,1,30,UDFD,12571,490921,298759,192162,293321,590
2007,1,30,FN,19172,490921,298759,192162,293321,591
2007,1,30,UMP,111736,490921,298759,192162,293321,592
2007,1,30,EXD,1834,490921,298759,192162,293321,593
2007,1,30,MPF,2724,490921,298759,192162,293321,594
2007,1,30,MAJ,22105,490921,298759,192162,293321,595
2007,1,30,DVD,2207,490921,298759,192162,293321,596
2007,1,30,DIV,3296,490921,298759,192162,293321,597
2007,1,31,UDFD,44772,794910,501408,293502,492882,598
2007,1,31,SOC,176018,794910,501408,293502,492882,599
2007,1,31,EXD,1558,794910,501408,293502,492882,600
2007,1,31,DVD,1610,794910,501408,293502,492882,601
2007,1,31,RDG,2847,794910,501408,293502,492882,602
2007,1,31,UMP,153454,794910,501408,293502,492882,603
2007,1,31,REG,1150,794910,501408,293502,492882,604
2007,1,31,COM,12637,794910,501408,293502,492882,605
2007,1,31,DIV,4750,794910,501408,293502,492882,606
2007,1,31,MPF,3661,794910,501408,293502,492882,607
2007,1,31,MAJ,21566,794910,501408,293502,492882,608
2007,1,31,CPNT,4659,794910,501408,293502,492882,609
2007,1,31,ECO,4709,794910,501408,293502,492882,610
2007,1,31,DVG,1255,794910,501408,293502,492882,611
2007,1,31,FN,16978,794910,501408,293502,492882,612
2007,1,31,VEC,15135,794910,501408,293502,492882,613
2007,1,32,ECO,394,140780,94885,45895,92677,614
2007,1,32,FN,2669,140780,94885,45895,92677,615
2007,1,32,EXD,0,140780,94885,45895,92677,616
2007,1,32,VEC,2228,140780,94885,45895,92677,617
2007,1,32,MAJ,151,140780,94885,45895,92677,618
2007,1,32,DVD,1222,140780,94885,45895,92677,619
2007,1,32,CPNT,1142,140780,94885,45895,92677,620
2007,1,32,DVG,0,140780,94885,45895,92677,621
2007,1,32,UDFD,8076,140780,94885,45895,92677,622
2007,1,32,DIV,606,140780,94885,45895,92677,623
2007,1,32,RDG,4173,140780,94885,45895,92677,624
2007,1,32,MPF,1323,140780,94885,45895,92677,625
2007,1,32,REG,193,140780,94885,45895,92677,626
2007,1,32,COM,3243,140780,94885,45895,92677,627
2007,1,32,UMP,32105,140780,94885,45895,92677,628
2007,1,32,SOC,31730,140780,94885,45895,92677,629
2007,1,34,DVG,1228,704028,436493,267535,428895,630
2007,1,34,VEC,12892,704028,436493,267535,428895,631
2007,1,34,MAJ,0,704028,436493,267535,428895,632
2007,1,34,FN,26142,704028,436493,267535,428895,633
2007,1,34,UMP,181802,704028,436493,267535,428895,634
2007,1,34,ECO,5369,704028,436493,267535,428895,635
2007,1,34,SOC,109136,704028,436493,267535,428895,636
2007,1,34,UDFD,27531,704028,436493,267535,428895,637
2007,1,34,DVD,2633,704028,436493,267535,428895,638
2007,1,34,EXD,1377,704028,436493,267535,428895,639
2007,1,34,REG,366,704028,436493,267535,428895,640
2007,1,34,COM,28090,704028,436493,267535,428895,641
2007,1,34,RDG,0,704028,436493,267535,428895,642
2007,1,34,MPF,3825,704028,436493,267535,428895,643
2007,1,34,DIV,3675,704028,436493,267535,428895,644
2007,1,34,CPNT,7969,704028,436493,267535,428895,645
2007,1,46,REG,766,133393,91507,41886,89174,646
2007,1,46,CPNT,2066,133393,91507,41886,89174,647
2007,1,46,ECO,0,133393,91507,41886,89174,648
2007,1,46,SOC,18472,133393,91507,41886,89174,649
2007,1,46,DVG,0,133393,91507,41886,89174,650
2007,1,46,DIV,992,133393,91507,41886,89174,651
2007,1,46,MPF,998,133393,91507,41886,89174,652
2007,1,46,EXD,367,133393,91507,41886,89174,653
2007,1,46,FN,1942,133393,91507,41886,89174,654
2007,1,46,DVD,141,133393,91507,41886,89174,655
2007,1,46,UMP,31480,133393,91507,41886,89174,656
2007,1,46,UDFD,6294,133393,91507,41886,89174,657
2007,1,46,VEC,1471,133393,91507,41886,89174,658
2007,1,46,MAJ,228,133393,91507,41886,89174,659
2007,1,46,COM,3751,133393,91507,41886,89174,660
2007,1,46,RDG,16685,133393,91507,41886,89174,661
2007,1,48,SOC,8851,59617,41985,17632,41089,662
2007,1,48,RDG,561,59617,41985,17632,41089,663
2007,1,48,UMP,22002,59617,41985,17632,41089,664
2007,1,48,MPF,0,59617,41985,17632,41089,665
2007,1,48,DVD,0,59617,41985,17632,41089,666
2007,1,48,FN,1025,59617,41985,17632,41089,667
2007,1,48,DIV,326,59617,41985,17632,41089,668
2007,1,48,EXD,76,59617,41985,17632,41089,669
2007,1,48,REG,43,59617,41985,17632,41089,670
2007,1,48,UDFD,4066,59617,41985,17632,41089,671
2007,1,48,ECO,0,59617,41985,17632,41089,672
2007,1,48,MAJ,0,59617,41985,17632,41089,673
2007,1,48,COM,1857,59617,41985,17632,41089,674
2007,1,48,CPNT,0,59617,41985,17632,41089,675
2007,1,48,DVG,0,59617,41985,17632,41089,676
2007,1,48,VEC,0,59617,41985,17632,41089,677
2007,1,65,DIV,623,176661,114457,62204,111836,678
2007,1,65,DVD,0,176661,114457,62204,111836,679
2007,1,65,FN,3053,176661,114457,62204,111836,680
2007,1,65,REG,0,176661,114457,62204,111836,681
2007,1,65,DVG,2012,176661,114457,62204,111836,682
2007,1,65,EXD,567,176661,114457,62204,111836,683
2007,1,65,SOC,27668,176661,114457,62204,111836,684
2007,1,65,CPNT,0,176661,114457,62204,111836,685
2007,1,65,MPF,0,176661,114457,62204,111836,686
2007,1,65,VEC,2664,176661,114457,62204,111836,687
2007,1,65,COM,5904,176661,114457,62204,111836,688
2007,1,65,MAJ,651,176661,114457,62204,111836,689
2007,1,65,UMP,34604,176661,114457,62204,111836,690
2007,1,65,UDFD,12581,176661,114457,62204,111836,691
2007,1,65,ECO,946,176661,114457,62204,111836,692
2007,1,65,RDG,16356,176661,114457,62204,111836,693
2007,1,66,FN,10727,316651,197134,119517,193071,694
2007,1,66,COM,16472,316651,197134,119517,193071,695
2007,1,66,EXD,624,316651,197134,119517,193071,696
2007,1,66,SOC,39344,316651,197134,119517,193071,697
2007,1,66,MAJ,0,316651,197134,119517,193071,698
2007,1,66,ECO,2408,316651,197134,119517,193071,699
2007,1,66,VEC,2617,316651,197134,119517,193071,700
2007,1,66,UMP,84373,316651,197134,119517,193071,701
2007,1,66,DIV,1637,316651,197134,119517,193071,702
2007,1,66,REG,2794,316651,197134,119517,193071,703
2007,1,66,DVG,10072,316651,197134,119517,193071,704
2007,1,66,UDFD,10879,316651,197134,119517,193071,705
2007,1,66,DVD,1245,316651,197134,119517,193071,706
2007,1,66,CPNT,2204,316651,197134,119517,193071,707
2007,1,66,RDG,0,316651,197134,119517,193071,708
2007,1,66,MPF,1983,316651,197134,119517,193071,709
2007,1,81,DIV,1246,277260,186643,90617,182057,710
2007,1,81,CPNT,2866,277260,186643,90617,182057,711
2007,1,81,ECO,1850,277260,186643,90617,182057,712
2007,1,81,EXD,663,277260,186643,90617,182057,713
2007,1,81,REG,454,277260,186643,90617,182057,714
2007,1,81,UDFD,10551,277260,186643,90617,182057,715
2007,1,81,DVD,12936,277260,186643,90617,182057,716
2007,1,81,MPF,1664,277260,186643,90617,182057,717
2007,1,81,RDG,6330,277260,186643,90617,182057,718
2007,1,81,UMP,51486,277260,186643,90617,182057,719
2007,1,81,DVG,4237,277260,186643,90617,182057,720
2007,1,81,FN,6709,277260,186643,90617,182057,721
2007,1,81,COM,8157,277260,186643,90617,182057,722
2007,1,81,VEC,3392,277260,186643,90617,182057,723
2007,1,81,MAJ,13655,277260,186643,90617,182057,724
2007,1,81,SOC,49961,277260,186643,90617,182057,725
2007,1,82,UDFD,9036,166447,109019,57428,106348,726
2007,1,82,FN,5032,166447,109019,57428,106348,727
2007,1,82,EXD,666,166447,109019,57428,106348,728
2007,1,82,MPF,1207,166447,109019,57428,106348,729
2007,1,82,UMP,42323,166447,109019,57428,106348,730
2007,1,82,MAJ,0,166447,109019,57428,106348,731
2007,1,82,DIV,1039,166447,109019,57428,106348,732
2007,1,82,RDG,15458,166447,109019,57428,106348,733
2007,1,82,DVD,237,166447,109019,57428,106348,734
2007,1,82,COM,3147,166447,109019,57428,106348,735
2007,1,82,SOC,16635,166447,109019,57428,106348,736
2007,1,82,DVG,0,166447,109019,57428,106348,737
2007,1,82,VEC,3897,166447,109019,57428,106348,738
2007,1,82,ECO,498,166447,109019,57428,106348,739
2007,1,82,REG,181,166447,109019,57428,106348,740
2007,1,82,CPNT,2835,166447,109019,57428,106348,741
2007,2,11,UMP,75046,254788,173689,81099,167765,742
2007,2,11,RDG,0,254788,173689,81099,167765,743
2007,2,11,DVG,0,254788,173689,81099,167765,744
2007,2,11,MAJ,0,254788,173689,81099,167765,745
2007,2,11,EXD,0,254788,173689,81099,167765,746
2007,2,11,FN,0,254788,173689,81099,167765,747
2007,2,11,UDFD,0,254788,173689,81099,167765,748
2007,2,11,VEC,0,254788,173689,81099,167765,749
2007,2,11,MPF,0,254788,173689,81099,167765,750
2007,2,11,COM,0,254788,173689,81099,167765,751
2007,2,11,CPNT,0,254788,173689,81099,167765,752
2007,2,11,DIV,0,254788,173689,81099,167765,753
2007,2,11,REG,0,254788,173689,81099,167765,754
2007,2,11,SOC,92719,254788,173689,81099,167765,755
2007,2,11,DVD,0,254788,173689,81099,167765,756
2007,2,11,ECO,0,254788,173689,81099,167765,757
2007,2,12,DVD,0,218416,149731,68685,144045,758
2007,2,12,ECO,0,218416,149731,68685,144045,759
2007,2,12,REG,0,218416,149731,68685,144045,760
2007,2,12,RDG,0,218416,149731,68685,144045,761
2007,2,12,MAJ,0,218416,149731,68685,144045,762
2007,2,12,UDFD,0,218416,149731,68685,144045,763
2007,2,12,DVG,0,218416,149731,68685,144045,764
2007,2,12,CPNT,0,218416,149731,68685,144045,765
2007,2,12,DIV,0,218416,149731,68685,144045,766
2007,2,12,VEC,0,218416,149731,68685,144045,767
2007,2,12,UMP,76989,218416,149731,68685,144045,768
2007,2,12,EXD,0,218416,149731,68685,144045,769
2007,2,12,MPF,0,218416,149731,68685,144045,770
2007,2,12,COM,0,218416,149731,68685,144045,771
2007,2,12,FN,0,218416,149731,68685,144045,772
2007,2,12,SOC,67056,218416,149731,68685,144045,773
2007,2,30,VEC,0,490818,297823,192995,287162,774
2007,2,30,RDG,0,490818,297823,192995,287162,775
2007,2,30,MAJ,25717,490818,297823,192995,287162,776
2007,2,30,EXD,0,490818,297823,192995,287162,777
2007,2,30,ECO,0,490818,297823,192995,287162,778
2007,2,30,DVG,0,490818,297823,192995,287162,779
2007,2,30,REG,0,490818,297823,192995,287162,780
2007,2,30,COM,24778,490818,297823,192995,287162,781
2007,2,30,DVD,0,490818,297823,192995,287162,782
2007,2,30,UDFD,0,490818,297823,192995,287162,783
2007,2,30,UMP,133791,490818,297823,192995,287162,784
2007,2,30,DIV,0,490818,297823,192995,287162,785
2007,2,30,SOC,102876,490818,297823,192995,287162,786
2007,2,30,FN,0,490818,297823,192995,287162,787
2007,2,30,MPF,0,490818,297823,192995,287162,788
2007,2,30,CPNT,0,490818,297823,192995,287162,789
2007,2,31,COM,0,794899,504521,290378,489878,790
2007,2,31,FN,0,794899,504521,290378,489878,791
2007,2,31,MAJ,18186,794899,504521,290378,489878,792
2007,2,31,CPNT,0,794899,504521,290378,489878,793
2007,2,31,ECO,0,794899,504521,290378,489878,794
2007,2,31,DIV,0,794899,504521,290378,489878,795
2007,2,31,DVD,0,794899,504521,290378,489878,796
2007,2,31,DVG,0,794899,504521,290378,489878,797
2007,2,31,SOC,277109,794899,504521,290378,489878,798
2007,2,31,UMP,194583,794899,504521,290378,489878,799
2007,2,31,MPF,0,794899,504521,290378,489878,800
2007,2,31,UDFD,0,794899,504521,290378,489878,801
2007,2,31,REG,0,794899,504521,290378,489878,802
2007,2,31,EXD,0,794899,504521,290378,489878,803
2007,2,31,VEC,0,794899,504521,290378,489878,804
2007,2,31,RDG,0,794899,504521,290378,489878,805
2007,2,32,MAJ,0,140751,97388,43363,93954,806
2007,2,32,VEC,0,140751,97388,43363,93954,807
2007,2,32,UDFD,0,140751,97388,43363,93954,808
2007,2,32,FN,0,140751,97388,43363,93954,809
2007,2,32,CPNT,0,140751,97388,43363,93954,810
2007,2,32,SOC,51518,140751,97388,43363,93954,811
2007,2,32,DVD,0,140751,97388,43363,93954,812
2007,2,32,ECO,0,140751,97388,43363,93954,813
2007,2,32,COM,0,140751,97388,43363,93954,814
2007,2,32,REG,0,140751,97388,43363,93954,815
2007,2,32,RDG,0,140751,97388,43363,93954,816
2007,2,32,DVG,0,140751,97388,43363,93954,817
2007,2,32,EXD,0,140751,97388,43363,93954,818
2007,2,32,DIV,0,140751,97388,43363,93954,819
2007,2,32,MPF,0,140751,97388,43363,93954,820
2007,2,32,UMP,42436,140751,97388,43363,93954,821
2007,2,34,EXD,0,704062,442220,261842,426971,822
2007,2,34,FN,0,704062,442220,261842,426971,823
2007,2,34,REG,0,704062,442220,261842,426971,824
2007,2,34,ECO,0,704062,442220,261842,426971,825
2007,2,34,CPNT,0,704062,442220,261842,426971,826
2007,2,34,SOC,168435,704062,442220,261842,426971,827
2007,2,34,MAJ,0,704062,442220,261842,426971,828
2007,2,34,MPF,0,704062,442220,261842,426971,829
2007,2,34,RDG,0,704062,442220,261842,426971,830
2007,2,34,COM,34933,704062,442220,261842,426971,831
2007,2,34,UDFD,0,704062,442220,261842,426971,832
2007,2,34,UMP,223603,704062,442220,261842,426971,833
2007,2,34,DIV,0,704062,442220,261842,426971,834
2007,2,34,VEC,0,704062,442220,261842,426971,835
2007,2,34,DVD,0,704062,442220,261842,426971,836
2007,2,34,DVG,0,704062,442220,261842,426971,837
2007,2,46,DVG,0,133385,94983,38402,91889,838
2007,2,46,VEC,0,133385,94983,38402,91889,839
2007,2,46,COM,0,133385,94983,38402,91889,840
2007,2,46,RDG,26419,133385,94983,38402,91889,841
2007,2,46,SOC,25985,133385,94983,38402,91889,842
2007,2,46,ECO,0,133385,94983,38402,91889,843
2007,2,46,UDFD,0,133385,94983,38402,91889,844
2007,2,46,UMP,39485,133385,94983,38402,91889,845
2007,2,46,MPF,0,133385,94983,38402,91889,846
2007,2,46,MAJ,0,133385,94983,38402,91889,847
2007,2,46,DIV,0,133385,94983,38402,91889,848
2007,2,46,REG,0,133385,94983,38402,91889,849
2007,2,46,CPNT,0,133385,94983,38402,91889,850
2007,2,46,EXD,0,133385,94983,38402,91889,851
2007,2,46,FN,0,133385,94983,38402,91889,852
2007,2,46,DVD,0,133385,94983,38402,91889,853
2007,2,48,SOC,9887,32052,22073,9979,21312,854
2007,2,48,UDFD,0,32052,22073,9979,21312,855
2007,2,48,EXD,0,32052,22073,9979,21312,856
2007,2,48,MAJ,0,32052,22073,9979,21312,857
2007,2,48,DVG,0,32052,22073,9979,21312,858
2007,2,48,DIV,0,32052,22073,9979,21312,859
2007,2,48,RDG,0,32052,22073,9979,21312,860
2007,2,48,CPNT,0,32052,22073,9979,21312,861
2007,2,48,UMP,11425,32052,22073,9979,21312,862
2007,2,48,COM,0,32052,22073,9979,21312,863
2007,2,48,REG,0,32052,22073,9979,21312,864
2007,2,48,MPF,0,32052,22073,9979,21312,865
2007,2,48,FN,0,32052,22073,9979,21312,866
2007,2,48,DVD,0,32052,22073,9979,21312,867
2007,2,48,VEC,0,32052,22073,9979,21312,868
2007,2,48,ECO,0,32052,22073,9979,21312,869
2007,2,65,MPF,0,176745,116217,60528,111530,870
2007,2,65,RDG,23075,176745,116217,60528,111530,871
2007,2,65,UMP,45890,176745,116217,60528,111530,872
2007,2,65,COM,0,176745,116217,60528,111530,873
2007,2,65,MAJ,0,176745,116217,60528,111530,874
2007,2,65,SOC,42565,176745,116217,60528,111530,875
2007,2,65,FN,0,176745,116217,60528,111530,876
2007,2,65,DVD,0,176745,116217,60528,111530,877
2007,2,65,DIV,0,176745,116217,60528,111530,878
2007,2,65,CPNT,0,176745,116217,60528,111530,879
2007,2,65,DVG,0,176745,116217,60528,111530,880
2007,2,65,EXD,0,176745,116217,60528,111530,881
2007,2,65,UDFD,0,176745,116217,60528,111530,882
2007,2,65,VEC,0,176745,116217,60528,111530,883
2007,2,65,ECO,0,176745,116217,60528,111530,884
2007,2,65,REG,0,176745,116217,60528,111530,885
2007,2,66,EXD,0,316321,198340,117981,189891,886
2007,2,66,COM,16167,316321,198340,117981,189891,887
2007,2,66,UMP,103991,316321,198340,117981,189891,888
2007,2,66,MAJ,0,316321,198340,117981,189891,889
2007,2,66,SOC,41943,316321,198340,117981,189891,890
2007,2,66,VEC,0,316321,198340,117981,189891,891
2007,2,66,REG,0,316321,198340,117981,189891,892
2007,2,66,DVG,27790,316321,198340,117981,189891,893
2007,2,66,DVD,0,316321,198340,117981,189891,894
2007,2,66,RDG,0,316321,198340,117981,189891,895
2007,2,66,DIV,0,316321,198340,117981,189891,896
2007,2,66,CPNT,0,316321,198340,117981,189891,897
2007,2,66,ECO,0,316321,198340,117981,189891,898
2007,2,66,UDFD,0,316321,198340,117981,189891,899
2007,2,66,MPF,0,316321,198340,117981,189891,900
2007,2,66,FN,0,316321,198340,117981,189891,901
2007,2,81,VEC,0,277237,184240,92997,172598,902
2007,2,81,EXD,0,277237,184240,92997,172598,903
2007,2,81,ECO,0,277237,184240,92997,172598,904
2007,2,81,DVD,10832,277237,184240,92997,172598,905
2007,2,81,COM,0,277237,184240,92997,172598,906
2007,2,81,UMP,65959,277237,184240,92997,172598,907
2007,2,81,RDG,0,277237,184240,92997,172598,908
2007,2,81,CPNT,0,277237,184240,92997,172598,909
2007,2,81,UDFD,0,277237,184240,92997,172598,910
2007,2,81,FN,0,277237,184240,92997,172598,911
2007,2,81,MPF,0,277237,184240,92997,172598,912
2007,2,81,DVG,0,277237,184240,92997,172598,913
2007,2,81,SOC,75880,277237,184240,92997,172598,914
2007,2,81,MAJ,19927,277237,184240,92997,172598,915
2007,2,81,DIV,0,277237,184240,92997,172598,916
2007,2,81,REG,0,277237,184240,92997,172598,917
2007,2,82,COM,0,166424,111054,55370,106452,918
2007,2,82,FN,0,166424,111054,55370,106452,919
2007,2,82,EXD,0,166424,111054,55370,106452,920
2007,2,82,DVD,0,166424,111054,55370,106452,921
2007,2,82,MPF,0,166424,111054,55370,106452,922
2007,2,82,ECO,0,166424,111054,55370,106452,923
2007,2,82,VEC,0,166424,111054,55370,106452,924
2007,2,82,REG,0,166424,111054,55370,106452,925
2007,2,82,CPNT,0,166424,111054,55370,106452,926
2007,2,82,DVG,0,166424,111054,55370,106452,927
2007,2,82,DIV,0,166424,111054,55370,106452,928
2007,2,82,RDG,26811,166424,111054,55370,106452,929
2007,2,82,UDFD,0,166424,111054,55370,106452,930
2007,2,82,SOC,26357,166424,111054,55370,106452,931
2007,2,82,MAJ,0,166424,111054,55370,106452,932
2007,2,82,UMP,53284,166424,111054,55370,106452,933
2002,1,11,FN,22476,237086,164603,72483,160238,934
2002,1,11,PRG,0,237086,164603,72483,160238,935
2002,1,11,ECO,1227,237086,164603,72483,160238,936
2002,1,11,MNR,2035,237086,164603,72483,160238,937
2002,1,11,EXD,1388,237086,164603,72483,160238,938
2002,1,11,DVG,479,237086,164603,72483,160238,939
2002,1,11,DIV,1696,237086,164603,72483,160238,940
2002,1,11,PREP,2156,237086,164603,72483,160238,941
2002,1,11,VEC,3275,237086,164603,72483,160238,942
2002,1,11,REG,174,237086,164603,72483,160238,943
2002,1,11,RPF,0,237086,164603,72483,160238,944
2002,1,11,UMP,32598,237086,164603,72483,160238,945
2002,1,11,EXG,112,237086,164603,72483,160238,946
2002,1,11,DL,0,237086,164603,72483,160238,947
2002,1,11,CPNT,3850,237086,164603,72483,160238,948
2002,1,11,UDF,13690,237086,164603,72483,160238,949
2002,1,11,COM,8953,237086,164603,72483,160238,950
2002,1,11,MPF,695,237086,164603,72483,160238,951
2002,1,11,LCR,2625,237086,164603,72483,160238,952
2002,1,11,DVD,171,237086,164603,72483,160238,953
2002,1,11,SOC,61098,237086,164603,72483,160238,954
2002,1,12,SOC,35871,214768,155010,59758,150320,955
2002,1,12,VEC,3198,214768,155010,59758,150320,956
2002,1,12,UDF,0,214768,155010,59758,150320,957
2002,1,12,DL,5930,214768,155010,59758,150320,958
2002,1,12,DVD,19228,214768,155010,59758,150320,959
2002,1,12,RPF,593,214768,155010,59758,150320,960
2002,1,12,REG,123,214768,155010,59758,150320,961
2002,1,12,MPF,401,214768,155010,59758,150320,962
2002,1,12,FN,7830,214768,155010,59758,150320,963
2002,1,12,ECO,2044,214768,155010,59758,150320,964
2002,1,12,PREP,0,214768,155010,59758,150320,965
2002,1,12,CPNT,3925,214768,155010,59758,150320,966
2002,1,12,UMP,53946,214768,155010,59758,150320,967
2002,1,12,MNR,656,214768,155010,59758,150320,968
2002,1,12,EXD,564,214768,155010,59758,150320,969
2002,1,12,PRG,7924,214768,155010,59758,150320,970
2002,1,12,LCR,3122,214768,155010,59758,150320,971
2002,1,12,COM,3857,214768,155010,59758,150320,972
2002,1,12,DIV,51,214768,155010,59758,150320,973
2002,1,12,DVG,0,214768,155010,59758,150320,974
2002,1,12,EXG,0,214768,155010,59758,150320,975
2002,1,30,MNR,3990,446917,292473,154444,285619,976
2002,1,30,DL,0,446917,292473,154444,285619,977
2002,1,30,EXG,1146,446917,292473,154444,285619,978
2002,1,30,PRG,1802,446917,292473,154444,285619,979
2002,1,30,SOC,64054,446917,292473,154444,285619,980
2002,1,30,ECO,3891,446917,292473,154444,285619,981
2002,1,30,FN,52358,446917,292473,154444,285619,982
2002,1,30,RPF,0,446917,292473,154444,285619,983
2002,1,30,CPNT,5826,446917,292473,154444,285619,984
2002,1,30,COM,25178,446917,292473,154444,285619,985
2002,1,30,MPF,1143,446917,292473,154444,285619,986
2002,1,30,DVD,12544,446917,292473,154444,285619,987
2002,1,30,DIV,3690,446917,292473,154444,285619,988
2002,1,30,PREP,5350,446917,292473,154444,285619,989
2002,1,30,UDF,10664,446917,292473,154444,285619,990
2002,1,30,VEC,3424,446917,292473,154444,285619,991
2002,1,30,REG,0,446917,292473,154444,285619,992
2002,1,30,LCR,4116,446917,292473,154444,285619,993
2002,1,30,DVG,56,446917,292473,154444,285619,994
2002,1,30,UMP,80885,446917,292473,154444,285619,995
2002,1,30,EXD,2612,446917,292473,154444,285619,996
2002,1,31,DVG,51,713518,494523,218995,483879,997
2002,1,31,RPF,0,713518,494523,218995,483879,998
2002,1,31,UMP,148797,713518,494523,218995,483879,999
2002,1,31,PREP,6343,713518,494523,218995,483879,1000
2002,1,31,VEC,27237,713518,494523,218995,483879,1001
2002,1,31,COM,14429,713518,494523,218995,483879,1002
2002,1,31,MPF,814,713518,494523,218995,483879,1003
2002,1,31,EXD,3032,713518,494523,218995,483879,1004
2002,1,31,DVD,382,713518,494523,218995,483879,1005
2002,1,31,SOC,168231,713518,494523,218995,483879,1006
2002,1,31,FN,49200,713518,494523,218995,483879,1007
2002,1,31,EXG,4121,713518,494523,218995,483879,1008
2002,1,31,REG,696,713518,494523,218995,483879,1009
2002,1,31,DL,0,713518,494523,218995,483879,1010
2002,1,31,DIV,2400,713518,494523,218995,483879,1011
2002,1,31,UDF,21666,713518,494523,218995,483879,1012
2002,1,31,CPNT,7483,713518,494523,218995,483879,1013
2002,1,31,PRG,0,713518,494523,218995,483879,1014
2002,1,31,LCR,11407,713518,494523,218995,483879,1015
2002,1,31,ECO,9056,713518,494523,218995,483879,1016
2002,1,31,MNR,3610,713518,494523,218995,483879,1017
2002,1,32,PRG,0,135671,96596,39075,93798,1018
2002,1,32,REG,0,135671,96596,39075,93798,1019
2002,1,32,DIV,40,135671,96596,39075,93798,1020
2002,1,32,UDF,6650,135671,96596,39075,93798,1021
2002,1,32,EXG,1070,135671,96596,39075,93798,1022
2002,1,32,LCR,1629,135671,96596,39075,93798,1023
2002,1,32,DL,0,135671,96596,39075,93798,1024
2002,1,32,COM,3977,135671,96596,39075,93798,1025
2002,1,32,CPNT,2785,135671,96596,39075,93798,1026
2002,1,32,UMP,22447,135671,96596,39075,93798,1027
2002,1,32,RPF,0,135671,96596,39075,93798,1028
2002,1,32,MPF,1007,135671,96596,39075,93798,1029
2002,1,32,DVG,0,135671,96596,39075,93798,1030
2002,1,32,FN,6893,135671,96596,39075,93798,1031
2002,1,32,VEC,1130,135671,96596,39075,93798,1032
2002,1,32,ECO,589,135671,96596,39075,93798,1033
2002,1,32,EXD,2239,135671,96596,39075,93798,1034
2002,1,32,SOC,33843,135671,96596,39075,93798,1035
2002,1,32,DVD,7955,135671,96596,39075,93798,1036
2002,1,32,PREP,389,135671,96596,39075,93798,1037
2002,1,32,MNR,424,135671,96596,39075,93798,1038
2002,1,34,LCR,8045,635249,425090,210159,415384,1039
2002,1,34,FN,69542,635249,425090,210159,415384,1040
2002,1,34,PRG,1750,635249,425090,210159,415384,1041
2002,1,34,PREP,998,635249,425090,210159,415384,1042
2002,1,34,UDF,5885,635249,425090,210159,415384,1043
2002,1,34,CPNT,16286,635249,425090,210159,415384,1044
2002,1,34,EXD,2945,635249,425090,210159,415384,1045
2002,1,34,MNR,3717,635249,425090,210159,415384,1046
2002,1,34,DL,0,635249,425090,210159,415384,1047
2002,1,34,COM,22189,635249,425090,210159,415384,1048
2002,1,34,SOC,107368,635249,425090,210159,415384,1049
2002,1,34,RPF,0,635249,425090,210159,415384,1050
2002,1,34,DVG,1132,635249,425090,210159,415384,1051
2002,1,34,REG,689,635249,425090,210159,415384,1052
2002,1,34,VEC,20183,635249,425090,210159,415384,1053
2002,1,34,MPF,2071,635249,425090,210159,415384,1054
2002,1,34,DVD,10752,635249,425090,210159,415384,1055
2002,1,34,UMP,125294,635249,425090,210159,415384,1056
2002,1,34,DIV,2371,635249,425090,210159,415384,1057
2002,1,34,EXG,424,635249,425090,210159,415384,1058
2002,1,34,ECO,9611,635249,425090,210159,415384,1059
2002,1,46,DVG,4552,128451,93010,35441,90120,1060
2002,1,46,EXD,1300,128451,93010,35441,90120,1061
2002,1,46,VEC,2289,128451,93010,35441,90120,1062
2002,1,46,PRG,12888,128451,93010,35441,90120,1063
2002,1,46,UDF,17006,128451,93010,35441,90120,1064
2002,1,46,DIV,216,128451,93010,35441,90120,1065
2002,1,46,RPF,0,128451,93010,35441,90120,1066
2002,1,46,UMP,15497,128451,93010,35441,90120,1067
2002,1,46,PREP,1324,128451,93010,35441,90120,1068
2002,1,46,MNR,509,128451,93010,35441,90120,1069
2002,1,46,COM,4511,128451,93010,35441,90120,1070
2002,1,46,MPF,0,128451,93010,35441,90120,1071
2002,1,46,DVD,0,128451,93010,35441,90120,1072
2002,1,46,ECO,247,128451,93010,35441,90120,1073
2002,1,46,REG,560,128451,93010,35441,90120,1074
2002,1,46,EXG,105,128451,93010,35441,90120,1075
2002,1,46,SOC,16712,128451,93010,35441,90120,1076
2002,1,46,CPNT,4138,128451,93010,35441,90120,1077
2002,1,46,FN,5483,128451,93010,35441,90120,1078
2002,1,46,LCR,1989,128451,93010,35441,90120,1079
2002,1,46,DL,0,128451,93010,35441,90120,1080
2002,1,48,COM,1905,58840,42474,16366,41355,1081
2002,1,48,LCR,537,58840,42474,16366,41355,1082
2002,1,48,PREP,1490,58840,42474,16366,41355,1083
2002,1,48,ECO,174,58840,42474,16366,41355,1084
2002,1,48,CPNT,815,58840,42474,16366,41355,1085
2002,1,48,DIV,0,58840,42474,16366,41355,1086
2002,1,48,EXG,0,58840,42474,16366,41355,1087
2002,1,48,PRG,0,58840,42474,16366,41355,1088
2002,1,48,DVG,0,58840,42474,16366,41355,1089
2002,1,48,SOC,9486,58840,42474,16366,41355,1090
2002,1,48,VEC,1271,58840,42474,16366,41355,1091
2002,1,48,EXD,461,58840,42474,16366,41355,1092
2002,1,48,MNR,526,58840,42474,16366,41355,1093
2002,1,48,DVD,6086,58840,42474,16366,41355,1094
2002,1,48,MPF,0,58840,42474,16366,41355,1095
2002,1,48,FN,2204,58840,42474,16366,41355,1096
2002,1,48,RPF,0,58840,42474,16366,41355,1097
2002,1,48,DL,0,58840,42474,16366,41355,1098
2002,1,48,UDF,0,58840,42474,16366,41355,1099
2002,1,48,REG,158,58840,42474,16366,41355,1100
2002,1,48,UMP,16019,58840,42474,16366,41355,1101
2002,1,65,COM,6661,169480,116529,52951,111770,1102
2002,1,65,DIV,792,169480,116529,52951,111770,1103
2002,1,65,RPF,0,169480,116529,52951,111770,1104
2002,1,65,PRG,15250,169480,116529,52951,111770,1105
2002,1,65,REG,356,169480,116529,52951,111770,1106
2002,1,65,EXG,0,169480,116529,52951,111770,1107
2002,1,65,VEC,2484,169480,116529,52951,111770,1108
2002,1,65,ECO,1623,169480,116529,52951,111770,1109
2002,1,65,EXD,0,169480,116529,52951,111770,1110
2002,1,65,MPF,869,169480,116529,52951,111770,1111
2002,1,65,DVD,0,169480,116529,52951,111770,1112
2002,1,65,FN,8142,169480,116529,52951,111770,1113
2002,1,65,UMP,36314,169480,116529,52951,111770,1114
2002,1,65,PREP,0,169480,116529,52951,111770,1115
2002,1,65,SOC,29639,169480,116529,52951,111770,1116
2002,1,65,LCR,2535,169480,116529,52951,111770,1117
2002,1,65,DVG,130,169480,116529,52951,111770,1118
2002,1,65,MNR,750,169480,116529,52951,111770,1119
2002,1,65,CPNT,5011,169480,116529,52951,111770,1120
2002,1,65,DL,0,169480,116529,52951,111770,1121
2002,1,65,UDF,0,169480,116529,52951,111770,1122
2002,1,66,EXD,0,286547,187996,98551,183381,1123
2002,1,66,COM,18705,286547,187996,98551,183381,1124
2002,1,66,PREP,2191,286547,187996,98551,183381,1125
2002,1,66,ECO,1208,286547,187996,98551,183381,1126
2002,1,66,FN,30450,286547,187996,98551,183381,1127
2002,1,66,DVD,1723,286547,187996,98551,183381,1128
2002,1,66,SOC,47050,286547,187996,98551,183381,1129
2002,1,66,EXG,152,286547,187996,98551,183381,1130
2002,1,66,MPF,1541,286547,187996,98551,183381,1131
2002,1,66,UDF,0,286547,187996,98551,183381,1132
2002,1,66,LCR,2974,286547,187996,98551,183381,1133
2002,1,66,UMP,59498,286547,187996,98551,183381,1134
2002,1,66,CPNT,5082,286547,187996,98551,183381,1135
2002,1,66,DL,0,286547,187996,98551,183381,1136
2002,1,66,PRG,0,286547,187996,98551,183381,1137
2002,1,66,RPF,816,286547,187996,98551,183381,1138
2002,1,66,DIV,4216,286547,187996,98551,183381,1139
2002,1,66,DVG,0,286547,187996,98551,183381,1140
2002,1,66,MNR,1712,286547,187996,98551,183381,1141
2002,1,66,REG,2276,286547,187996,98551,183381,1142
2002,1,66,VEC,2094,286547,187996,98551,183381,1143
2002,1,81,DVG,179,261988,189825,72163,184324,1144
2002,1,81,VEC,9245,261988,189825,72163,184324,1145
2002,1,81,MNR,1345,261988,189825,72163,184324,1146
2002,1,81,PRG,4291,261988,189825,72163,184324,1147
2002,1,81,SOC,52515,261988,189825,72163,184324,1148
2002,1,81,EXD,0,261988,189825,72163,184324,1149
2002,1,81,PREP,774,261988,189825,72163,184324,1150
2002,1,81,UDF,15737,261988,189825,72163,184324,1151
2002,1,81,LCR,3526,261988,189825,72163,184324,1152
2002,1,81,CPNT,4640,261988,189825,72163,184324,1153
2002,1,81,DL,0,261988,189825,72163,184324,1154
2002,1,81,UMP,42608,261988,189825,72163,184324,1155
2002,1,81,RPF,9245,261988,189825,72163,184324,1156
2002,1,81,REG,393,261988,189825,72163,184324,1157
2002,1,81,EXG,1001,261988,189825,72163,184324,1158
2002,1,81,DVD,7345,261988,189825,72163,184324,1159
2002,1,81,DIV,417,261988,189825,72163,184324,1160
2002,1,81,ECO,1545,261988,189825,72163,184324,1161
2002,1,81,MPF,422,261988,189825,72163,184324,1162
2002,1,81,FN,20061,261988,189825,72163,184324,1163
2002,1,81,COM,7355,261988,189825,72163,184324,1164
2002,1,82,COM,3121,154130,109295,44835,106096,1165
2002,1,82,PRG,0,154130,109295,44835,106096,1166
2002,1,82,EXG,1021,154130,109295,44835,106096,1167
2002,1,82,LCR,2028,154130,109295,44835,106096,1168
2002,1,82,SOC,32237,154130,109295,44835,106096,1169
2002,1,82,DVG,0,154130,109295,44835,106096,1170
2002,1,82,UDF,0,154130,109295,44835,106096,1171
2002,1,82,DIV,767,154130,109295,44835,106096,1172
2002,1,82,CPNT,4264,154130,109295,44835,106096,1173
2002,1,82,EXD,1804,154130,109295,44835,106096,1174
2002,1,82,ECO,288,154130,109295,44835,106096,1175
2002,1,82,MPF,0,154130,109295,44835,106096,1176
2002,1,82,DL,0,154130,109295,44835,106096,1177
2002,1,82,DVD,0,154130,109295,44835,106096,1178
2002,1,82,VEC,2781,154130,109295,44835,106096,1179
2002,1,82,UMP,39773,154130,109295,44835,106096,1180
2002,1,82,MNR,1139,154130,109295,44835,106096,1181
2002,1,82,FN,14454,154130,109295,44835,106096,1182
2002,1,82,PREP,1395,154130,109295,44835,106096,1183
2002,1,82,REG,0,154130,109295,44835,106096,1184
2002,1,82,RPF,0,154130,109295,44835,106096,1185
2002,2,11,MPF,0,237020,157751,79269,148666,1186
2002,2,11,EXD,0,237020,157751,79269,148666,1187
2002,2,11,FN,0,237020,157751,79269,148666,1188
2002,2,11,MNR,0,237020,157751,79269,148666,1189
2002,2,11,DVD,0,237020,157751,79269,148666,1190
2002,2,11,REG,0,237020,157751,79269,148666,1191
2002,2,11,DIV,0,237020,157751,79269,148666,1192
2002,2,11,ECO,0,237020,157751,79269,148666,1193
2002,2,11,CPNT,0,237020,157751,79269,148666,1194
2002,2,11,RPF,0,237020,157751,79269,148666,1195
2002,2,11,PREP,0,237020,157751,79269,148666,1196
2002,2,11,DL,0,237020,157751,79269,148666,1197
2002,2,11,PRG,0,237020,157751,79269,148666,1198
2002,2,11,SOC,83983,237020,157751,79269,148666,1199
2002,2,11,UDF,19261,237020,157751,79269,148666,1200
2002,2,11,EXG,0,237020,157751,79269,148666,1201
2002,2,11,LCR,0,237020,157751,79269,148666,1202
2002,2,11,DVG,0,237020,157751,79269,148666,1203
2002,2,11,COM,0,237020,157751,79269,148666,1204
2002,2,11,UMP,45422,237020,157751,79269,148666,1205
2002,2,11,VEC,0,237020,157751,79269,148666,1206
2002,2,12,UMP,80245,214744,147179,67565,140602,1207
2002,2,12,UDF,0,214744,147179,67565,140602,1208
2002,2,12,DL,0,214744,147179,67565,140602,1209
2002,2,12,DIV,0,214744,147179,67565,140602,1210
2002,2,12,CPNT,0,214744,147179,67565,140602,1211
2002,2,12,DVG,0,214744,147179,67565,140602,1212
2002,2,12,PRG,0,214744,147179,67565,140602,1213
2002,2,12,LCR,0,214744,147179,67565,140602,1214
2002,2,12,SOC,60357,214744,147179,67565,140602,1215
2002,2,12,RPF,0,214744,147179,67565,140602,1216
2002,2,12,PREP,0,214744,147179,67565,140602,1217
2002,2,12,COM,0,214744,147179,67565,140602,1218
2002,2,12,VEC,0,214744,147179,67565,140602,1219
2002,2,12,REG,0,214744,147179,67565,140602,1220
2002,2,12,EXG,0,214744,147179,67565,140602,1221
2002,2,12,ECO,0,214744,147179,67565,140602,1222
2002,2,12,DVD,0,214744,147179,67565,140602,1223
2002,2,12,FN,0,214744,147179,67565,140602,1224
2002,2,12,MPF,0,214744,147179,67565,140602,1225
2002,2,12,MNR,0,214744,147179,67565,140602,1226
2002,2,12,EXD,0,214744,147179,67565,140602,1227
2002,2,30,EXD,0,446890,278155,168735,267318,1228
2002,2,30,MPF,0,446890,278155,168735,267318,1229
2002,2,30,DVD,0,446890,278155,168735,267318,1230
2002,2,30,MNR,0,446890,278155,168735,267318,1231
2002,2,30,FN,24455,446890,278155,168735,267318,1232
2002,2,30,EXG,0,446890,278155,168735,267318,1233
2002,2,30,UDF,0,446890,278155,168735,267318,1234
2002,2,30,COM,41748,446890,278155,168735,267318,1235
2002,2,30,SOC,75000,446890,278155,168735,267318,1236
2002,2,30,LCR,0,446890,278155,168735,267318,1237
2002,2,30,DL,0,446890,278155,168735,267318,1238
2002,2,30,PRG,0,446890,278155,168735,267318,1239
2002,2,30,RPF,0,446890,278155,168735,267318,1240
2002,2,30,ECO,0,446890,278155,168735,267318,1241
2002,2,30,CPNT,0,446890,278155,168735,267318,1242
2002,2,30,PREP,0,446890,278155,168735,267318,1243
2002,2,30,VEC,0,446890,278155,168735,267318,1244
2002,2,30,DVG,0,446890,278155,168735,267318,1245
2002,2,30,UMP,126115,446890,278155,168735,267318,1246
2002,2,30,REG,0,446890,278155,168735,267318,1247
2002,2,30,DIV,0,446890,278155,168735,267318,1248
2002,2,31,PRG,0,713638,459483,254155,441170,1249
2002,2,31,UDF,19287,713638,459483,254155,441170,1250
2002,2,31,UMP,183284,713638,459483,254155,441170,1251
2002,2,31,DVG,0,713638,459483,254155,441170,1252
2002,2,31,DIV,0,713638,459483,254155,441170,1253
2002,2,31,SOC,220797,713638,459483,254155,441170,1254
2002,2,31,EXG,0,713638,459483,254155,441170,1255
2002,2,31,DL,0,713638,459483,254155,441170,1256
2002,2,31,VEC,17802,713638,459483,254155,441170,1257
2002,2,31,COM,0,713638,459483,254155,441170,1258
2002,2,31,ECO,0,713638,459483,254155,441170,1259
2002,2,31,REG,0,713638,459483,254155,441170,1260
2002,2,31,CPNT,0,713638,459483,254155,441170,1261
2002,2,31,PREP,0,713638,459483,254155,441170,1262
2002,2,31,LCR,0,713638,459483,254155,441170,1263
2002,2,31,RPF,0,713638,459483,254155,441170,1264
2002,2,31,MNR,0,713638,459483,254155,441170,1265
2002,2,31,FN,0,713638,459483,254155,441170,1266
2002,2,31,DVD,0,713638,459483,254155,441170,1267
2002,2,31,EXD,0,713638,459483,254155,441170,1268
2002,2,31,MPF,0,713638,459483,254155,441170,1269
2002,2,32,RPF,0,135642,94628,41014,90178,1270
2002,2,32,EXD,0,135642,94628,41014,90178,1271
2002,2,32,MNR,0,135642,94628,41014,90178,1272
2002,2,32,DVD,0,135642,94628,41014,90178,1273
2002,2,32,MPF,0,135642,94628,41014,90178,1274
2002,2,32,FN,0,135642,94628,41014,90178,1275
2002,2,32,UMP,43074,135642,94628,41014,90178,1276
2002,2,32,CPNT,0,135642,94628,41014,90178,1277
2002,2,32,PRG,0,135642,94628,41014,90178,1278
2002,2,32,EXG,0,135642,94628,41014,90178,1279
2002,2,32,REG,0,135642,94628,41014,90178,1280
2002,2,32,DVG,0,135642,94628,41014,90178,1281
2002,2,32,DIV,0,135642,94628,41014,90178,1282
2002,2,32,PREP,0,135642,94628,41014,90178,1283
2002,2,32,VEC,0,135642,94628,41014,90178,1284
2002,2,32,ECO,0,135642,94628,41014,90178,1285
2002,2,32,LCR,0,135642,94628,41014,90178,1286
2002,2,32,SOC,47104,135642,94628,41014,90178,1287
2002,2,32,COM,0,135642,94628,41014,90178,1288
2002,2,32,DL,0,135642,94628,41014,90178,1289
2002,2,32,UDF,0,135642,94628,41014,90178,1290
2002,2,34,SOC,149696,635195,409138,226057,390669,1291
2002,2,34,LCR,0,635195,409138,226057,390669,1292
2002,2,34,ECO,0,635195,409138,226057,390669,1293
2002,2,34,CPNT,0,635195,409138,226057,390669,1294
2002,2,34,DL,0,635195,409138,226057,390669,1295
2002,2,34,VEC,0,635195,409138,226057,390669,1296
2002,2,34,PREP,0,635195,409138,226057,390669,1297
2002,2,34,REG,0,635195,409138,226057,390669,1298
2002,2,34,DIV,0,635195,409138,226057,390669,1299
2002,2,34,UMP,191487,635195,409138,226057,390669,1300
2002,2,34,DVG,0,635195,409138,226057,390669,1301
2002,2,34,COM,28732,635195,409138,226057,390669,1302
2002,2,34,EXG,0,635195,409138,226057,390669,1303
2002,2,34,UDF,0,635195,409138,226057,390669,1304
2002,2,34,PRG,0,635195,409138,226057,390669,1305
2002,2,34,DVD,0,635195,409138,226057,390669,1306
2002,2,34,MPF,0,635195,409138,226057,390669,1307
2002,2,34,RPF,0,635195,409138,226057,390669,1308
2002,2,34,MNR,0,635195,409138,226057,390669,1309
2002,2,34,FN,20754,635195,409138,226057,390669,1310
2002,2,34,EXD,0,635195,409138,226057,390669,1311
2002,2,46,DVD,0,128453,93052,35401,88990,1312
2002,2,46,MNR,0,128453,93052,35401,88990,1313
2002,2,46,MPF,0,128453,93052,35401,88990,1314
2002,2,46,RPF,0,128453,93052,35401,88990,1315
2002,2,46,EXD,0,128453,93052,35401,88990,1316
2002,2,46,FN,0,128453,93052,35401,88990,1317
2002,2,46,EXG,0,128453,93052,35401,88990,1318
2002,2,46,UMP,20528,128453,93052,35401,88990,1319
2002,2,46,REG,0,128453,93052,35401,88990,1320
2002,2,46,DL,0,128453,93052,35401,88990,1321
2002,2,46,PREP,0,128453,93052,35401,88990,1322
2002,2,46,SOC,23176,128453,93052,35401,88990,1323
2002,2,46,ECO,0,128453,93052,35401,88990,1324
2002,2,46,DIV,0,128453,93052,35401,88990,1325
2002,2,46,VEC,0,128453,93052,35401,88990,1326
2002,2,46,COM,0,128453,93052,35401,88990,1327
2002,2,46,PRG,22214,128453,93052,35401,88990,1328
2002,2,46,UDF,23072,128453,93052,35401,88990,1329
2002,2,46,CPNT,0,128453,93052,35401,88990,1330
2002,2,46,DVG,0,128453,93052,35401,88990,1331
2002,2,46,LCR,0,128453,93052,35401,88990,1332
2002,2,48,SOC,9825,31327,22179,9148,21259,1333
2002,2,48,VEC,0,31327,22179,9148,21259,1334
2002,2,48,DVG,0,31327,22179,9148,21259,1335
2002,2,48,PREP,0,31327,22179,9148,21259,1336
2002,2,48,COM,0,31327,22179,9148,21259,1337
2002,2,48,EXG,0,31327,22179,9148,21259,1338
2002,2,48,PRG,0,31327,22179,9148,21259,1339
2002,2,48,DIV,0,31327,22179,9148,21259,1340
2002,2,48,ECO,0,31327,22179,9148,21259,1341
2002,2,48,LCR,0,31327,22179,9148,21259,1342
2002,2,48,UDF,0,31327,22179,9148,21259,1343
2002,2,48,REG,0,31327,22179,9148,21259,1344
2002,2,48,UMP,0,31327,22179,9148,21259,1345
2002,2,48,CPNT,0,31327,22179,9148,21259,1346
2002,2,48,DL,0,31327,22179,9148,21259,1347
2002,2,48,MPF,0,31327,22179,9148,21259,1348
2002,2,48,MNR,0,31327,22179,9148,21259,1349
2002,2,48,EXD,0,31327,22179,9148,21259,1350
2002,2,48,FN,0,31327,22179,9148,21259,1351
2002,2,48,DVD,11434,31327,22179,9148,21259,1352
2002,2,48,RPF,0,31327,22179,9148,21259,1353
2002,2,65,RPF,0,169474,113193,56281,107980,1354
2002,2,65,FN,0,169474,113193,56281,107980,1355
2002,2,65,EXD,0,169474,113193,56281,107980,1356
2002,2,65,MNR,0,169474,113193,56281,107980,1357
2002,2,65,DVD,0,169474,113193,56281,107980,1358
2002,2,65,MPF,0,169474,113193,56281,107980,1359
2002,2,65,CPNT,0,169474,113193,56281,107980,1360
2002,2,65,DVG,0,169474,113193,56281,107980,1361
2002,2,65,EXG,0,169474,113193,56281,107980,1362
2002,2,65,DL,0,169474,113193,56281,107980,1363
2002,2,65,DIV,0,169474,113193,56281,107980,1364
2002,2,65,PRG,20578,169474,113193,56281,107980,1365
2002,2,65,COM,0,169474,113193,56281,107980,1366
2002,2,65,LCR,0,169474,113193,56281,107980,1367
2002,2,65,UMP,47714,169474,113193,56281,107980,1368
2002,2,65,SOC,39688,169474,113193,56281,107980,1369
2002,2,65,UDF,0,169474,113193,56281,107980,1370
2002,2,65,PREP,0,169474,113193,56281,107980,1371
2002,2,65,VEC,0,169474,113193,56281,107980,1372
2002,2,65,ECO,0,169474,113193,56281,107980,1373
2002,2,65,REG,0,169474,113193,56281,107980,1374
2002,2,66,PRG,0,286526,184432,102094,174610,1375
2002,2,66,DIV,0,286526,184432,102094,174610,1376
2002,2,66,COM,15437,286526,184432,102094,174610,1377
2002,2,66,UDF,0,286526,184432,102094,174610,1378
2002,2,66,UMP,89580,286526,184432,102094,174610,1379
2002,2,66,PREP,0,286526,184432,102094,174610,1380
2002,2,66,SOC,69593,286526,184432,102094,174610,1381
2002,2,66,VEC,0,286526,184432,102094,174610,1382
2002,2,66,REG,0,286526,184432,102094,174610,1383
2002,2,66,LCR,0,286526,184432,102094,174610,1384
2002,2,66,DL,0,286526,184432,102094,174610,1385
2002,2,66,ECO,0,286526,184432,102094,174610,1386
2002,2,66,DVG,0,286526,184432,102094,174610,1387
2002,2,66,CPNT,0,286526,184432,102094,174610,1388
2002,2,66,EXG,0,286526,184432,102094,174610,1389
2002,2,66,FN,0,286526,184432,102094,174610,1390
2002,2,66,DVD,0,286526,184432,102094,174610,1391
2002,2,66,MPF,0,286526,184432,102094,174610,1392
2002,2,66,EXD,0,286526,184432,102094,174610,1393
2002,2,66,MNR,0,286526,184432,102094,174610,1394
2002,2,66,RPF,0,286526,184432,102094,174610,1395
2002,2,81,EXD,0,261964,177595,84369,164930,1396
2002,2,81,RPF,18406,261964,177595,84369,164930,1397
2002,2,81,MPF,0,261964,177595,84369,164930,1398
2002,2,81,FN,0,261964,177595,84369,164930,1399
2002,2,81,DVD,0,261964,177595,84369,164930,1400
2002,2,81,MNR,0,261964,177595,84369,164930,1401
2002,2,81,EXG,0,261964,177595,84369,164930,1402
2002,2,81,PRG,0,261964,177595,84369,164930,1403
2002,2,81,REG,0,261964,177595,84369,164930,1404
2002,2,81,UDF,0,261964,177595,84369,164930,1405
2002,2,81,COM,0,261964,177595,84369,164930,1406
2002,2,81,DL,0,261964,177595,84369,164930,1407
2002,2,81,PREP,0,261964,177595,84369,164930,1408
2002,2,81,LCR,0,261964,177595,84369,164930,1409
2002,2,81,UMP,75770,261964,177595,84369,164930,1410
2002,2,81,VEC,0,261964,177595,84369,164930,1411
2002,2,81,CPNT,0,261964,177595,84369,164930,1412
2002,2,81,DIV,0,261964,177595,84369,164930,1413
2002,2,81,DVG,0,261964,177595,84369,164930,1414
2002,2,81,ECO,0,261964,177595,84369,164930,1415
2002,2,81,SOC,70754,261964,177595,84369,164930,1416
2002,2,82,REG,0,154096,105600,48496,100234,1417
2002,2,82,DVG,0,154096,105600,48496,100234,1418
2002,2,82,EXG,0,154096,105600,48496,100234,1419
2002,2,82,DL,0,154096,105600,48496,100234,1420
2002,2,82,CPNT,0,154096,105600,48496,100234,1421
2002,2,82,UMP,54311,154096,105600,48496,100234,1422
2002,2,82,VEC,0,154096,105600,48496,100234,1423
2002,2,82,PRG,0,154096,105600,48496,100234,1424
2002,2,82,SOC,45923,154096,105600,48496,100234,1425
2002,2,82,LCR,0,154096,105600,48496,100234,1426
2002,2,82,COM,0,154096,105600,48496,100234,1427
2002,2,82,DIV,0,154096,105600,48496,100234,1428
2002,2,82,PREP,0,154096,105600,48496,100234,1429
2002,2,82,UDF,0,154096,105600,48496,100234,1430
2002,2,82,ECO,0,154096,105600,48496,100234,1431
2002,2,82,FN,0,154096,105600,48496,100234,1432
2002,2,82,RPF,0,154096,105600,48496,100234,1433
2002,2,82,DVD,0,154096,105600,48496,100234,1434
2002,2,82,MNR,0,154096,105600,48496,100234,1435
2002,2,82,EXD,0,154096,105600,48496,100234,1436
2002,2,82,MPF,0,154096,105600,48496,100234,1437
1997,1,11,UDF,10836,224007,164129,59878,156334,1438
1997,1,11,PRS,0,224007,164129,59878,156334,1439
1997,1,11,SOC,56119,224007,164129,59878,156334,1440
1997,1,11,DVG,3047,224007,164129,59878,156334,1441
1997,1,11,DVD,6055,224007,164129,59878,156334,1442
1997,1,11,RPR,26875,224007,164129,59878,156334,1443
1997,1,11,FRN,22435,224007,164129,59878,156334,1444
1997,1,11,ECO,7760,224007,164129,59878,156334,1445
1997,1,11,DIV,1861,224007,164129,59878,156334,1446
1997,1,11,COM,19952,224007,164129,59878,156334,1447
1997,1,11,EXD,208,224007,164129,59878,156334,1448
1997,1,12,COM,10211,209932,156142,53790,146324,1449
1997,1,12,PRS,22272,209932,156142,53790,146324,1450
1997,1,12,EXD,0,209932,156142,53790,146324,1451
1997,1,12,UDF,37096,209932,156142,53790,146324,1452
1997,1,12,DVG,780,209932,156142,53790,146324,1453
1997,1,12,DIV,0,209932,156142,53790,146324,1454
1997,1,12,ECO,5558,209932,156142,53790,146324,1455
1997,1,12,RPR,29339,209932,156142,53790,146324,1456
1997,1,12,DVD,4461,209932,156142,53790,146324,1457
1997,1,12,SOC,24436,209932,156142,53790,146324,1458
1997,1,12,FRN,10803,209932,156142,53790,146324,1459
1997,1,30,EXD,604,414448,286963,127485,273150,1460
1997,1,30,DVG,2895,414448,286963,127485,273150,1461
1997,1,30,COM,49782,414448,286963,127485,273150,1462
1997,1,30,RPR,26334,414448,286963,127485,273150,1463
1997,1,30,FRN,58166,414448,286963,127485,273150,1464
1997,1,30,ECO,11919,414448,286963,127485,273150,1465
1997,1,30,DIV,8192,414448,286963,127485,273150,1466
1997,1,30,UDF,40983,414448,286963,127485,273150,1467
1997,1,30,DVD,13615,414448,286963,127485,273150,1468
1997,1,30,SOC,56724,414448,286963,127485,273150,1469
1997,1,30,PRS,0,414448,286963,127485,273150,1470
1997,1,31,SOC,149557,649792,457342,192450,436394,1471
1997,1,31,FRN,54602,649792,457342,192450,436394,1472
1997,1,31,COM,34415,649792,457342,192450,436394,1473
1997,1,31,RPR,57961,649792,457342,192450,436394,1474
1997,1,31,EXD,63,649792,457342,192450,436394,1475
1997,1,31,DVD,20159,649792,457342,192450,436394,1476
1997,1,31,UDF,58952,649792,457342,192450,436394,1477
1997,1,31,DVG,6489,649792,457342,192450,436394,1478
1997,1,31,PRS,0,649792,457342,192450,436394,1479
1997,1,31,DIV,7434,649792,457342,192450,436394,1480
1997,1,31,ECO,25383,649792,457342,192450,436394,1481
1997,1,32,ECO,4562,134098,97259,36839,91343,1482
1997,1,32,DIV,177,134098,97259,36839,91343,1483
1997,1,32,SOC,32024,134098,97259,36839,91343,1484
1997,1,32,FRN,7739,134098,97259,36839,91343,1485
1997,1,32,DVD,3470,134098,97259,36839,91343,1486
1997,1,32,UDF,16239,134098,97259,36839,91343,1487
1997,1,32,PRS,0,134098,97259,36839,91343,1488
1997,1,32,COM,7517,134098,97259,36839,91343,1489
1997,1,32,DVG,1706,134098,97259,36839,91343,1490
1997,1,32,RPR,15866,134098,97259,36839,91343,1491
1997,1,32,EXD,0,134098,97259,36839,91343,1492
1997,1,34,DVG,18623,571885,397400,174485,380217,1493
1997,1,34,EXD,1034,571885,397400,174485,380217,1494
1997,1,34,COM,50154,571885,397400,174485,380217,1495
1997,1,34,PRS,0,571885,397400,174485,380217,1496
1997,1,34,SOC,91914,571885,397400,174485,380217,1497
1997,1,34,DIV,6810,571885,397400,174485,380217,1498
1997,1,34,ECO,22980,571885,397400,174485,380217,1499
1997,1,34,FRN,73350,571885,397400,174485,380217,1500
1997,1,34,RPR,20251,571885,397400,174485,380217,1501
1997,1,34,DVD,18413,571885,397400,174485,380217,1502
1997,1,34,UDF,69721,571885,397400,174485,380217,1503
1997,1,46,DVG,1739,122889,91741,31148,85870,1504
1997,1,46,RPR,12988,122889,91741,31148,85870,1505
1997,1,46,UDF,12291,122889,91741,31148,85870,1506
1997,1,46,COM,9929,122889,91741,31148,85870,1507
1997,1,46,DIV,587,122889,91741,31148,85870,1508
1997,1,46,FRN,6418,122889,91741,31148,85870,1509
1997,1,46,SOC,17930,122889,91741,31148,85870,1510
1997,1,46,EXD,0,122889,91741,31148,85870,1511
1997,1,46,ECO,5809,122889,91741,31148,85870,1512
1997,1,46,PRS,14175,122889,91741,31148,85870,1513
1997,1,46,DVD,2226,122889,91741,31148,85870,1514
1997,1,48,UDF,19423,56917,42475,14442,40311,1515
1997,1,48,SOC,10008,56917,42475,14442,40311,1516
1997,1,48,RPR,0,56917,42475,14442,40311,1517
1997,1,48,DIV,0,56917,42475,14442,40311,1518
1997,1,48,DVG,0,56917,42475,14442,40311,1519
1997,1,48,DVD,1707,56917,42475,14442,40311,1520
1997,1,48,ECO,2247,56917,42475,14442,40311,1521
1997,1,48,FRN,3327,56917,42475,14442,40311,1522
1997,1,48,COM,3599,56917,42475,14442,40311,1523
1997,1,48,EXD,0,56917,42475,14442,40311,1524
1997,1,48,PRS,0,56917,42475,14442,40311,1525
1997,1,65,SOC,26371,170527,118240,52287,111682,1526
1997,1,65,EXD,0,170527,118240,52287,111682,1527
1997,1,65,UDF,37130,170527,118240,52287,111682,1528
1997,1,65,PRS,10645,170527,118240,52287,111682,1529
1997,1,65,DVD,2613,170527,118240,52287,111682,1530
1997,1,65,DIV,645,170527,118240,52287,111682,1531
1997,1,65,DVG,4147,170527,118240,52287,111682,1532
1997,1,65,FRN,10028,170527,118240,52287,111682,1533
1997,1,65,RPR,0,170527,118240,52287,111682,1534
1997,1,65,ECO,6620,170527,118240,52287,111682,1535
1997,1,65,COM,9871,170527,118240,52287,111682,1536
1997,1,66,ECO,5799,265902,184170,81732,176055,1537
1997,1,66,COM,29949,265902,184170,81732,176055,1538
1997,1,66,EXD,705,265902,184170,81732,176055,1539
1997,1,66,DIV,4342,265902,184170,81732,176055,1540
1997,1,66,PRS,0,265902,184170,81732,176055,1541
1997,1,66,SOC,39420,265902,184170,81732,176055,1542
1997,1,66,FRN,37305,265902,184170,81732,176055,1543
1997,1,66,RPR,26042,265902,184170,81732,176055,1544
1997,1,66,UDF,26368,265902,184170,81732,176055,1545
1997,1,66,DVG,843,265902,184170,81732,176055,1546
1997,1,66,DVD,2944,265902,184170,81732,176055,1547
1997,1,81,EXD,0,253204,189929,63275,178622,1548
1997,1,81,DVD,13423,253204,189929,63275,178622,1549
1997,1,81,FRN,24221,253204,189929,63275,178622,1550
1997,1,81,COM,15864,253204,189929,63275,178622,1551
1997,1,81,RPR,42690,253204,189929,63275,178622,1552
1997,1,81,SOC,59939,253204,189929,63275,178622,1553
1997,1,81,DIV,1174,253204,189929,63275,178622,1554
1997,1,81,UDF,8827,253204,189929,63275,178622,1555
1997,1,81,ECO,8845,253204,189929,63275,178622,1556
1997,1,81,DVG,794,253204,189929,63275,178622,1557
1997,1,81,PRS,0,253204,189929,63275,178622,1558
1997,1,82,DIV,841,148921,108513,40408,102287,1559
1997,1,82,EXD,0,148921,108513,40408,102287,1560
1997,1,82,DVG,1218,148921,108513,40408,102287,1561
1997,1,82,ECO,5072,148921,108513,40408,102287,1562
1997,1,82,COM,8174,148921,108513,40408,102287,1563
1997,1,82,RPR,0,148921,108513,40408,102287,1564
1997,1,82,FRN,15021,148921,108513,40408,102287,1565
1997,1,82,UDF,29900,148921,108513,40408,102287,1566
1997,1,82,SOC,30267,148921,108513,40408,102287,1567
1997,1,82,PRS,0,148921,108513,40408,102287,1568
1997,1,82,DVD,8885,148921,108513,40408,102287,1569
1997,2,11,ECO,0,223954,170979,52975,159388,1570
1997,2,11,DVG,0,223954,170979,52975,159388,1571
1997,2,11,PRS,0,223954,170979,52975,159388,1572
1997,2,11,COM,0,223954,170979,52975,159388,1573
1997,2,11,SOC,97596,223954,170979,52975,159388,1574
1997,2,11,FRN,0,223954,170979,52975,159388,1575
1997,2,11,DVD,0,223954,170979,52975,159388,1576
1997,2,11,UDF,18105,223954,170979,52975,159388,1577
1997,2,11,RPR,43687,223954,170979,52975,159388,1578
1997,2,11,DIV,0,223954,170979,52975,159388,1579
1997,2,12,SOC,43162,209737,160251,49486,151193,1580
1997,2,12,COM,0,209737,160251,49486,151193,1581
1997,2,12,PRS,30043,209737,160251,49486,151193,1582
1997,2,12,FRN,0,209737,160251,49486,151193,1583
1997,2,12,DIV,0,209737,160251,49486,151193,1584
1997,2,12,DVD,0,209737,160251,49486,151193,1585
1997,2,12,RPR,28277,209737,160251,49486,151193,1586
1997,2,12,DVG,0,209737,160251,49486,151193,1587
1997,2,12,UDF,49711,209737,160251,49486,151193,1588
1997,2,12,ECO,0,209737,160251,49486,151193,1589
1997,2,30,ECO,0,414359,310311,104048,294809,1590
1997,2,30,COM,52487,414359,310311,104048,294809,1591
1997,2,30,RPR,49539,414359,310311,104048,294809,1592
1997,2,30,SOC,89941,414359,310311,104048,294809,1593
1997,2,30,FRN,32866,414359,310311,104048,294809,1594
1997,2,30,PRS,0,414359,310311,104048,294809,1595
1997,2,30,DVD,0,414359,310311,104048,294809,1596
1997,2,30,UDF,69976,414359,310311,104048,294809,1597
1997,2,30,DVG,0,414359,310311,104048,294809,1598
1997,2,30,DIV,0,414359,310311,104048,294809,1599
1997,2,31,DVG,0,649964,478791,171173,450912,1600
1997,2,31,UDF,97621,649964,478791,171173,450912,1601
1997,2,31,RPR,92398,649964,478791,171173,450912,1602
1997,2,31,FRN,0,649964,478791,171173,450912,1603
1997,2,31,DIV,0,649964,478791,171173,450912,1604
1997,2,31,COM,0,649964,478791,171173,450912,1605
1997,2,31,ECO,17500,649964,478791,171173,450912,1606
1997,2,31,PRS,0,649964,478791,171173,450912,1607
1997,2,31,DVD,0,649964,478791,171173,450912,1608
1997,2,31,SOC,243393,649964,478791,171173,450912,1609
1997,2,32,DIV,0,134051,105148,28903,99234,1610
1997,2,32,PRS,0,134051,105148,28903,99234,1611
1997,2,32,FRN,0,134051,105148,28903,99234,1612
1997,2,32,DVD,0,134051,105148,28903,99234,1613
1997,2,32,DVG,0,134051,105148,28903,99234,1614
1997,2,32,RPR,22808,134051,105148,28903,99234,1615
1997,2,32,UDF,23662,134051,105148,28903,99234,1616
1997,2,32,SOC,52764,134051,105148,28903,99234,1617
1997,2,32,ECO,0,134051,105148,28903,99234,1618
1997,2,32,COM,0,134051,105148,28903,99234,1619
1997,2,34,FRN,65382,571831,416199,155632,384111,1620
1997,2,34,RPR,16458,571831,416199,155632,384111,1621
1997,2,34,ECO,0,571831,416199,155632,384111,1622
1997,2,34,DVD,0,571831,416199,155632,384111,1623
1997,2,34,DVG,42392,571831,416199,155632,384111,1624
1997,2,34,COM,35684,571831,416199,155632,384111,1625
1997,2,34,SOC,131811,571831,416199,155632,384111,1626
1997,2,34,DIV,0,571831,416199,155632,384111,1627
1997,2,34,PRS,0,571831,416199,155632,384111,1628
1997,2,34,UDF,92384,571831,416199,155632,384111,1629
1997,2,46,COM,0,122885,95638,27247,88578,1630
1997,2,46,SOC,26893,122885,95638,27247,88578,1631
1997,2,46,UDF,19385,122885,95638,27247,88578,1632
1997,2,46,FRN,0,122885,95638,27247,88578,1633
1997,2,46,DVD,0,122885,95638,27247,88578,1634
1997,2,46,PRS,24790,122885,95638,27247,88578,1635
1997,2,46,DIV,0,122885,95638,27247,88578,1636
1997,2,46,DVG,0,122885,95638,27247,88578,1637
1997,2,46,ECO,0,122885,95638,27247,88578,1638
1997,2,46,RPR,17510,122885,95638,27247,88578,1639
1997,2,48,ECO,0,30305,23611,6694,22563,1640
1997,2,48,FRN,0,30305,23611,6694,22563,1641
1997,2,48,UDF,10887,30305,23611,6694,22563,1642
1997,2,48,COM,0,30305,23611,6694,22563,1643
1997,2,48,DIV,0,30305,23611,6694,22563,1644
1997,2,48,DVG,0,30305,23611,6694,22563,1645
1997,2,48,DVD,0,30305,23611,6694,22563,1646
1997,2,48,PRS,0,30305,23611,6694,22563,1647
1997,2,48,RPR,0,30305,23611,6694,22563,1648
1997,2,48,SOC,11676,30305,23611,6694,22563,1649
1997,2,65,ECO,0,170498,124267,46231,116779,1650
1997,2,65,PRS,20152,170498,124267,46231,116779,1651
1997,2,65,COM,0,170498,124267,46231,116779,1652
1997,2,65,FRN,0,170498,124267,46231,116779,1653
1997,2,65,DVD,0,170498,124267,46231,116779,1654
1997,2,65,RPR,0,170498,124267,46231,116779,1655
1997,2,65,SOC,45497,170498,124267,46231,116779,1656
1997,2,65,DIV,0,170498,124267,46231,116779,1657
1997,2,65,DVG,0,170498,124267,46231,116779,1658
1997,2,65,UDF,51130,170498,124267,46231,116779,1659
1997,2,66,DVD,0,265776,198016,67760,188295,1660
1997,2,66,SOC,75954,265776,198016,67760,188295,1661
1997,2,66,FRN,19290,265776,198016,67760,188295,1662
1997,2,66,UDF,40152,265776,198016,67760,188295,1663
1997,2,66,PRS,0,265776,198016,67760,188295,1664
1997,2,66,ECO,0,265776,198016,67760,188295,1665
1997,2,66,DIV,0,265776,198016,67760,188295,1666
1997,2,66,RPR,35395,265776,198016,67760,188295,1667
1997,2,66,COM,17504,265776,198016,67760,188295,1668
1997,2,66,DVG,0,265776,198016,67760,188295,1669
1997,2,81,COM,0,253161,199402,53759,185254,1670
1997,2,81,SOC,99748,253161,199402,53759,185254,1671
1997,2,81,PRS,0,253161,199402,53759,185254,1672
1997,2,81,RPR,71627,253161,199402,53759,185254,1673
1997,2,81,DVG,0,253161,199402,53759,185254,1674
1997,2,81,ECO,0,253161,199402,53759,185254,1675
1997,2,81,DVD,0,253161,199402,53759,185254,1676
1997,2,81,FRN,0,253161,199402,53759,185254,1677
1997,2,81,UDF,13879,253161,199402,53759,185254,1678
1997,2,81,DIV,0,253161,199402,53759,185254,1679
1997,2,82,UDF,51832,148861,115337,33524,107660,1680
1997,2,82,COM,0,148861,115337,33524,107660,1681
1997,2,82,SOC,55828,148861,115337,33524,107660,1682
1997,2,82,FRN,0,148861,115337,33524,107660,1683
1997,2,82,DIV,0,148861,115337,33524,107660,1684
1997,2,82,PRS,0,148861,115337,33524,107660,1685
1997,2,82,DVD,0,148861,115337,33524,107660,1686
1997,2,82,ECO,0,148861,115337,33524,107660,1687
1997,2,82,DVG,0,148861,115337,33524,107660,1688
1997,2,82,RPR,0,148861,115337,33524,107660,1689
1993,1,11,MAJ,2104,222909,162572,60337,152724,1690
1993,1,11,SOC,43260,222909,162572,60337,152724,1691
1993,1,11,GEC,3169,222909,162572,60337,152724,1692
1993,1,11,VEC,6762,222909,162572,60337,152724,1693
1993,1,11,RPR,38123,222909,162572,60337,152724,1694
1993,1,11,FRN,18024,222909,162572,60337,152724,1695
1993,1,11,UDF,13558,222909,162572,60337,152724,1696
1993,1,11,DIV,5976,222909,162572,60337,152724,1697
1993,1,11,DVD,2370,222909,162572,60337,152724,1698
1993,1,12,GEC,3921,212890,157354,55536,146565,1699
1993,1,12,FRN,5550,212890,157354,55536,146565,1700
1993,1,12,VEC,6444,212890,157354,55536,146565,1701
1993,1,12,DVD,40462,212890,157354,55536,146565,1702
1993,1,12,RPR,29555,212890,157354,55536,146565,1703
1993,1,12,RDG,12228,212890,157354,55536,146565,1704
1993,1,12,MAJ,9917,212890,157354,55536,146565,1705
1993,1,12,DIV,4495,212890,157354,55536,146565,1706
1993,1,12,SOC,6708,212890,157354,55536,146565,1707
1993,1,12,UDF,17823,212890,157354,55536,146565,1708
1993,1,30,UDF,17564,407276,282029,125247,265622,1709
1993,1,30,MAJ,32779,407276,282029,125247,265622,1710
1993,1,30,DVD,31780,407276,282029,125247,265622,1711
1993,1,30,COM,43711,407276,282029,125247,265622,1712
1993,1,30,RPR,38755,407276,282029,125247,265622,1713
1993,1,30,SOC,21319,407276,282029,125247,265622,1714
1993,1,30,DIV,10396,407276,282029,125247,265622,1715
1993,1,30,FRN,47252,407276,282029,125247,265622,1716
1993,1,30,EXD,218,407276,282029,125247,265622,1717
1993,1,30,VEC,12099,407276,282029,125247,265622,1718
1993,1,30,GEC,6570,407276,282029,125247,265622,1719
1993,1,31,SOC,107053,618527,438218,180309,412562,1720
1993,1,31,DIV,21159,618527,438218,180309,412562,1721
1993,1,31,UDF,84028,618527,438218,180309,412562,1722
1993,1,31,RPR,80906,618527,438218,180309,412562,1723
1993,1,31,GEC,15436,618527,438218,180309,412562,1724
1993,1,31,DVD,1100,618527,438218,180309,412562,1725
1993,1,31,COM,30398,618527,438218,180309,412562,1726
1993,1,31,VEC,16692,618527,438218,180309,412562,1727
1993,1,31,FRN,45810,618527,438218,180309,412562,1728
1993,1,32,FRN,6798,137502,99923,37579,93071,1729
1993,1,32,DIV,4415,137502,99923,37579,93071,1730
1993,1,32,GEC,2617,137502,99923,37579,93071,1731
1993,1,32,SOC,23842,137502,99923,37579,93071,1732
1993,1,32,VEC,2940,137502,99923,37579,93071,1733
1993,1,32,DVD,1145,137502,99923,37579,93071,1734
1993,1,32,UDF,28921,137502,99923,37579,93071,1735
1993,1,32,RPR,14974,137502,99923,37579,93071,1736
1993,1,34,RPR,62321,552587,383825,168762,363674,1737
1993,1,34,SOC,59582,552587,383825,168762,363674,1738
1993,1,34,DIV,11134,552587,383825,168762,363674,1739
1993,1,34,FRN,54010,552587,383825,168762,363674,1740
1993,1,34,COM,40817,552587,383825,168762,363674,1741
1993,1,34,UDF,66022,552587,383825,168762,363674,1742
1993,1,34,DVD,5886,552587,383825,168762,363674,1743
1993,1,34,MAJ,25024,552587,383825,168762,363674,1744
1993,1,34,EXD,3046,552587,383825,168762,363674,1745
1993,1,34,VEC,12274,552587,383825,168762,363674,1746
1993,1,34,GEC,19134,552587,383825,168762,363674,1747
1993,1,46,DVD,9761,123760,93822,29938,87884,1748
1993,1,46,GEC,2305,123760,93822,29938,87884,1749
1993,1,46,DIV,3682,123760,93822,29938,87884,1750
1993,1,46,FRN,4752,123760,93822,29938,87884,1751
1993,1,46,SOC,15858,123760,93822,29938,87884,1752
1993,1,46,UDF,10132,123760,93822,29938,87884,1753
1993,1,46,VEC,3087,123760,93822,29938,87884,1754
1993,1,46,RPR,17386,123760,93822,29938,87884,1755
1993,1,46,COM,6699,123760,93822,29938,87884,1756
1993,1,46,RDG,13635,123760,93822,29938,87884,1757
1993,1,48,UDF,28209,56920,43792,13128,41914,1758
1993,1,48,SOC,5771,56920,43792,13128,41914,1759
1993,1,48,DIV,817,56920,43792,13128,41914,1760
1993,1,48,VEC,812,56920,43792,13128,41914,1761
1993,1,48,FRN,2341,56920,43792,13128,41914,1762
1993,1,48,GEC,1113,56920,43792,13128,41914,1763
1993,1,65,UDF,43620,173057,120856,52201,112949,1764
1993,1,65,COM,14526,173057,120856,52201,112949,1765
1993,1,65,DVD,1351,173057,120856,52201,112949,1766
1993,1,65,RPR,4489,173057,120856,52201,112949,1767
1993,1,65,RDG,9642,173057,120856,52201,112949,1768
1993,1,65,DIV,3588,173057,120856,52201,112949,1769
1993,1,65,SOC,19843,173057,120856,52201,112949,1770
1993,1,65,GEC,4454,173057,120856,52201,112949,1771
1993,1,65,VEC,2003,173057,120856,52201,112949,1772
1993,1,65,FRN,8281,173057,120856,52201,112949,1773
1993,1,66,MAJ,1136,265086,176993,88093,166642,1774
1993,1,66,GEC,4723,265086,176993,88093,166642,1775
1993,1,66,UDF,27590,265086,176993,88093,166642,1776
1993,1,66,EXD,123,265086,176993,88093,166642,1777
1993,1,66,DIV,4579,265086,176993,88093,166642,1778
1993,1,66,RPR,32712,265086,176993,88093,166642,1779
1993,1,66,COM,19335,265086,176993,88093,166642,1780
1993,1,66,FRN,30552,265086,176993,88093,166642,1781
1993,1,66,DVD,5031,265086,176993,88093,166642,1782
1993,1,66,VEC,5860,265086,176993,88093,166642,1783
1993,1,66,SOC,30368,265086,176993,88093,166642,1784
1993,1,66,REG,2664,265086,176993,88093,166642,1785
1993,1,81,FRN,20594,256588,192610,63978,178874,1786
1993,1,81,EXD,913,256588,192610,63978,178874,1787
1993,1,81,VEC,7143,256588,192610,63978,178874,1788
1993,1,81,COM,13931,256588,192610,63978,178874,1789
1993,1,81,UDF,22792,256588,192610,63978,178874,1790
1993,1,81,RDG,8296,256588,192610,63978,178874,1791
1993,1,81,GEC,5370,256588,192610,63978,178874,1792
1993,1,81,DIV,7090,256588,192610,63978,178874,1793
1993,1,81,RPR,51461,256588,192610,63978,178874,1794
1993,1,81,SOC,40556,256588,192610,63978,178874,1795
1993,1,82,SOC,12334,149424,110792,38632,103608,1796
1993,1,82,FRN,12403,149424,110792,38632,103608,1797
1993,1,82,MAJ,660,149424,110792,38632,103608,1798
1993,1,82,RDG,14435,149424,110792,38632,103608,1799
1993,1,82,UDF,25664,149424,110792,38632,103608,1800
1993,1,82,RPR,11379,149424,110792,38632,103608,1801
1993,1,82,DIV,3611,149424,110792,38632,103608,1802
1993,1,82,VEC,3484,149424,110792,38632,103608,1803
1993,1,82,GEC,3501,149424,110792,38632,103608,1804
1993,1,82,COM,7376,149424,110792,38632,103608,1805
1993,1,82,DVD,5906,149424,110792,38632,103608,1806
1993,2,11,RPR,57995,222530,169445,53085,154933,1807
1993,2,11,UDF,22460,222530,169445,53085,154933,1808
1993,2,30,MAJ,33620,407222,286233,120989,250194,1809
1993,2,30,RPR,52889,407222,286233,120989,250194,1810
1993,2,30,FRN,32737,407222,286233,120989,250194,1811
1993,2,30,DVD,53299,407222,286233,120989,250194,1812
1993,2,30,SOC,24886,407222,286233,120989,250194,1813
1993,2,30,UDF,27716,407222,286233,120989,250194,1814
1993,2,31,UDF,71270,412628,314960,97668,292781,1815
1993,2,31,RPR,79780,412628,314960,97668,292781,1816
1993,2,32,UDF,27977,137498,102274,35224,94357,1817
1993,2,32,RPR,25963,137498,102274,35224,94357,1818
1993,2,34,SOC,51024,552577,383951,168626,342491,1819
1993,2,34,FRN,8625,552577,383951,168626,342491,1820
1993,2,34,UDF,101737,552577,383951,168626,342491,1821
1993,2,34,MAJ,50643,552577,383951,168626,342491,1822
1993,2,34,RPR,102033,552577,383951,168626,342491,1823
1993,2,46,UDF,22949,123760,99231,24529,93154,1824
1993,2,46,RPR,21643,123760,99231,24529,93154,1825
1993,2,46,RDG,23353,123760,99231,24529,93154,1826
1993,2,65,UDF,37613,111961,80606,31355,74244,1827
1993,2,66,FRN,31578,265067,177809,87258,156231,1828
1993,2,66,RPR,43910,265067,177809,87258,156231,1829
1993,2,66,UDF,19600,265067,177809,87258,156231,1830
1993,2,81,RDG,15688,256519,195190,61329,180014,1831
1993,2,81,RPR,79789,256519,195190,61329,180014,1832
1993,2,81,UDF,18596,256519,195190,61329,180014,1833
1993,2,82,UDF,61129,149388,115467,33921,107248,1834
1993,2,82,RDG,23771,149388,115467,33921,107248,1835
